year,team,conference,sp_defense,sos_z,sos_score
2015,Ohio State,Big Ten,6,-1.5710179152097643,34.289820847902355
2015,Alabama,SEC,1,-1.7057608079642872,32.942391920357124
2015,Ole Miss,SEC,12,-1.409326443904337,35.90673556095663
2015,Clemson,ACC,11,-1.4362750224552416,35.637249775447586
2015,Florida State,ACC,7,-1.5440693366588598,34.5593066334114
2015,Stanford,ACC,45,-0.5200233517244864,44.79976648275513
2015,Oklahoma,SEC,16,-1.3015321297007187,36.98467870299281
2015,Notre Dame,FBS Independents,29,-0.9512006085389595,40.487993914610406
2015,North Carolina,ACC,51,-0.3583318804190591,46.41668119580941
2015,LSU,SEC,33,-0.8434062943353412,41.56593705664659
2015,Michigan,Big Ten,10,-1.4632236010061461,35.36776398993854
2015,Baylor,Big 12,44,-0.546971930275391,44.53028069724609
2015,Tennessee,SEC,13,-1.3823778653534324,36.176221346465674
2015,Arkansas,SEC,67,0.07284537639541389,50.728453763954136
2015,TCU,Big 12,32,-0.8703548728862458,41.29645127113754
2015,UCLA,Big Ten,37,-0.7356119801317229,42.64388019868277
2015,USC,Big Ten,41,-0.6278176659281047,43.721823340718956
2015,Georgia,SEC,2,-1.6788122294133825,33.21187770586617
2015,Oregon,Big Ten,82,0.47707405465898234,54.77074054658982
2015,Michigan State,Big Ten,25,-1.0589949227425777,39.41005077257422
2015,Mississippi State,SEC,42,-0.6008690873772001,43.991309126227996
2015,Wisconsin,Big Ten,3,-1.651863650862478,33.48136349137522
2015,Auburn,SEC,40,-0.6547662444790092,43.45233755520991
2015,Texas A&M,SEC,14,-1.355429286802528,36.44570713197472
2015,Florida,SEC,9,-1.4901721795570506,35.09827820442949
2015,Louisville,ACC,21,-1.1667892369461959,38.33210763053804
2015,West Virginia,Big 12,20,-1.1937378154971006,38.06262184502899
2015,Navy,American Athletic,65,0.01894821929360477,50.18948219293605
2015,California,ACC,78,0.36927974045536405,53.69279740455364
2015,Boise State,Mountain West,22,-1.1398406583952914,38.60159341604709
2015,Virginia Tech,ACC,18,-1.2476349725989095,37.523650274010905
2015,Penn State,Big Ten,15,-1.3284807082516232,36.71519291748377
2015,Nebraska,Big Ten,48,-0.43917761607177275,45.608223839282275
2015,Pittsburgh,ACC,35,-0.7895091372335321,42.10490862766468
2015,Utah,Big 12,19,-1.220686394048005,37.79313605951995
2015,Miami,ACC,54,-0.2774861447663454,47.225138552336546
2015,Western Kentucky,Conference USA,80,0.4231768975571732,54.23176897557173
2015,Arizona State,Big 12,61,-0.08884609491001348,49.111539050899864
2015,Oklahoma State,Big 12,73,0.23453684770084127,52.345368477008414
2015,Washington,Big Ten,27,-1.0050977656407685,39.94902234359232
2015,NC State,ACC,47,-0.46612619462267735,45.33873805377323
2015,Iowa,Big Ten,28,-0.978149187089864,40.21850812910136
2015,Georgia Tech,ACC,52,-0.3313833018681545,46.68616698131846
2015,BYU,Big 12,46,-0.4930747731735819,45.06925226826418
2015,Louisiana Tech,Conference USA,64,-0.008000359257299791,49.919996407427
2015,Minnesota,Big Ten,35,-0.7895091372335321,42.10490862766468
2015,San Diego State,Mountain West,37,-0.7356119801317229,42.64388019868277
2015,Memphis,American Athletic,82,0.47707405465898234,54.77074054658982
2015,App State,Sun Belt,49,-0.4122290375208682,45.877709624791315
2015,Toledo,Mid-American,33,-0.8434062943353412,41.56593705664659
2015,Bowling Green,Mid-American,92,0.7465598401680279,57.46559840168028
2015,Georgia Southern,Sun Belt,56,-0.22358898766453628,47.76411012335464
2015,Houston,Big 12,69,0.126742533497223,51.26742533497223
2015,Temple,American Athletic,25,-1.0589949227425777,39.41005077257422
2015,Cincinnati,Big 12,68,0.09979395494631846,50.99793954946318
2015,Western Michigan,Mid-American,95,0.8274055758207416,58.27405575820742
2015,Boston College,ACC,5,-1.597966493760669,34.02033506239331
2015,Air Force,Mountain West,74,0.2614854262517458,52.61485426251746
2015,Arizona,Big 12,87,0.6118169474135051,56.11816947413505
2015,Texas Tech,Big 12,121,1.5280686181442602,65.2806861814426
2015,Washington State,Pac-12,77,0.3423311619044595,53.4233116190446
2015,Texas,SEC,60,-0.11579467346091804,48.84205326539082
2015,South Florida,American Athletic,59,-0.14274325201182259,48.572567479881776
2015,Marshall,Sun Belt,24,-1.0859435012934822,39.140564987065176
2015,Missouri,SEC,3,-1.651863650862478,33.48136349137522
2015,Duke,ACC,31,-0.8973034514371503,41.026965485628494
2015,South Carolina,SEC,72,0.2075882691499367,52.075882691499366
2015,Illinois,Big Ten,22,-1.1398406583952914,38.60159341604709
2015,Kansas State,Big 12,84,0.5309712117607914,55.309712117607916
2015,Southern Miss,Sun Belt,86,0.5848683688626005,55.848683688626004
2015,Virginia,ACC,84,0.5309712117607914,55.309712117607916
2015,Arkansas State,Sun Belt,69,0.126742533497223,51.26742533497223
2015,Colorado State,Mountain West,81,0.45012547610807774,54.50125476108078
2015,Indiana,Big Ten,109,1.2046856755334054,62.046856755334055
2015,Northwestern,Big Ten,7,-1.5440693366588598,34.5593066334114
2015,Utah State,Mountain West,39,-0.6817148230299138,43.18285176970086
2015,Iowa State,Big 12,104,1.0699427827788826,60.699427827788824
2015,Kentucky,SEC,61,-0.08884609491001348,49.111539050899864
2015,Ohio,Mid-American,58,-0.16969183056272716,48.30308169437273
2015,East Carolina,American Athletic,66,0.045896797844509334,50.458967978445095
2015,Akron,Mid-American,55,-0.2505375662154408,47.49462433784559
2015,Northern Illinois,Mid-American,52,-0.3313833018681545,46.68616698131846
2015,Vanderbilt,SEC,16,-1.3015321297007187,36.98467870299281
2015,Maryland,Big Ten,56,-0.22358898766453628,47.76411012335464
2015,Central Michigan,Mid-American,61,-0.08884609491001348,49.111539050899864
2015,Syracuse,ACC,101,0.989097047126169,59.89097047126169
2015,Colorado,Big 12,71,0.18063969059903215,51.80639690599032
2015,Wake Forest,ACC,50,-0.38528045896996366,46.14719541030036
2015,San José State,Mountain West,91,0.7196112616171234,57.196112616171234
2015,Middle Tennessee,Conference USA,92,0.7465598401680279,57.46559840168028
2015,UConn,FBS Independents,43,-0.5739205088262955,44.260794911737044
2015,Georgia State,Sun Belt,88,0.6387655259644097,56.3876552596441
2015,Troy,Sun Belt,88,0.6387655259644097,56.3876552596441
2015,Nevada,Mountain West,98,0.9082513114734553,59.08251311473455
2015,Louisiana,Sun Belt,92,0.7465598401680279,57.46559840168028
2015,Purdue,Big Ten,103,1.042994204227978,60.42994204227978
2015,Tulsa,American Athletic,124,1.608914353796974,66.08914353796973
2015,New Mexico,Mountain West,106,1.1238399398806918,61.23839939880692
2015,Massachusetts,Mid-American,75,0.28843400480265036,52.8843400480265
2015,Florida Atlantic,American Athletic,75,0.28843400480265036,52.8843400480265
2015,Oregon State,Pac-12,108,1.177737096982501,61.77737096982501
2015,Rutgers,Big Ten,112,1.2855314111861191,62.85531411186119
2015,Buffalo,Mid-American,95,0.8274055758207416,58.27405575820742
2015,South Alabama,Sun Belt,102,1.0160456256770736,60.160456256770736
2015,Kent State,Mid-American,30,-0.9242520299880549,40.75747970011945
2015,Idaho,Big Sky,127,1.6897600894496876,66.89760089449688
2015,Fresno State,Mountain West,99,0.9351998900243599,59.3519989002436
2015,Miami (OH),Mid-American,78,0.36927974045536405,53.69279740455364
2015,Tulane,American Athletic,97,0.8813027329225507,58.813027329225505
2015,Rice,American Athletic,116,1.3933257253897373,63.933257253897374
2015,UL Monroe,Sun Belt,100,0.9621484685752644,59.62148468575265
2015,Old Dominion,Sun Belt,114,1.3394285682879283,63.394285682879286
2015,Ball State,Mid-American,113,1.3124799897370236,63.12479989737024
2015,UCF,Big 12,104,1.0699427827788826,60.699427827788824
2015,Texas State,Sun Belt,122,1.5550171966951647,65.55017196695165
2015,UNLV,Mountain West,120,1.5011200395933557,65.01120039593356
2015,Hawai'i,Mountain West,107,1.1507885184315962,61.50788518431597
2015,Florida International,Conference USA,110,1.23163425408431,62.316342540843095
2015,Wyoming,Mountain West,119,1.474171461042451,64.74171461042451
2015,SMU,ACC,126,1.662811510898783,66.62811510898783
2015,UTSA,American Athletic,111,1.2585828326352146,62.58582832635214
2015,New Mexico State,Conference USA,125,1.6358629323478784,66.35862932347878
2015,UTEP,Conference USA,115,1.3663771468388328,63.663771468388326
2015,Eastern Michigan,Mid-American,128,1.716708668000592,67.16708668000592
2015,Kansas,Big 12,123,1.5819657752460694,65.8196577524607
2015,Charlotte,American Athletic,88,0.6387655259644097,56.3876552596441
2015,Army,American Athletic,117,1.420274303940642,64.20274303940641
2015,North Texas,American Athletic,118,1.4472228824915465,64.47222882491546
2016,Alabama,SEC,1,-1.709237016940974,32.90762983059026
2016,Clemson,ACC,6,-1.5742361912168936,34.25763808783106
2016,Washington,Big Ten,4,-1.6282365215065258,33.717634784934745
2016,Oklahoma,SEC,31,-0.8992320625964917,41.007679374035085
2016,LSU,SEC,2,-1.682236851796158,33.17763148203842
2016,Michigan,Big Ten,3,-1.6552366866513417,33.44763313348658
2016,Florida State,ACC,17,-1.2772343746239168,37.227656253760834
2016,USC,Big Ten,9,-1.4932356957824453,35.06764304217555
2016,Louisville,ACC,15,-1.331234704913549,36.68765295086451
2016,Ohio State,Big Ten,8,-1.5202358609272615,34.797641390727385
2016,Penn State,Big Ten,25,-1.0612330534653882,39.38766946534612
2016,Miami,ACC,10,-1.4662355306376293,35.33764469362371
2016,Stanford,ACC,12,-1.4122352003479972,35.877647996520025
2016,Oklahoma State,Big 12,51,-0.35922875970017015,46.4077124029983
2016,Tennessee,SEC,44,-0.5482299157138827,44.517700842861174
2016,Wisconsin,Big Ten,7,-1.5472360260720774,34.52763973927922
2016,North Carolina,ACC,41,-0.6292304111483309,43.70769588851669
2016,Notre Dame,FBS Independents,34,-0.8182315671620435,41.81768432837956
2016,Western Kentucky,Conference USA,45,-0.5212297505690666,44.787702494309336
2016,Florida,SEC,5,-1.6012363563617096,33.9876364363829
2016,Auburn,SEC,16,-1.3042345397687327,36.95765460231267
2016,Virginia Tech,ACC,21,-1.1692337140446525,38.307662859553474
2016,Pittsburgh,ACC,75,0.2887752037754157,52.887752037754154
2016,Minnesota,Big Ten,12,-1.4122352003479972,35.877647996520025
2016,Ole Miss,SEC,62,-0.0622269431071933,49.377730568928065
2016,Toledo,Mid-American,54,-0.2782282642657219,47.21771735734278
2016,Texas A&M,SEC,47,-0.4672294202794344,45.32770579720565
2016,Temple,American Athletic,22,-1.1422335488998363,38.577664511001636
2016,Western Michigan,Mid-American,70,0.15377437805133531,51.53774378051335
2016,Boise State,Mountain West,42,-0.6022302460035148,43.97769753996485
2016,San Diego State,Mountain West,29,-0.9532323928861238,40.46767607113876
2016,Baylor,Big 12,40,-0.656230576293147,43.43769423706853
2016,West Virginia,Big 12,30,-0.9262322277413078,40.73767772258692
2016,TCU,Big 12,36,-0.7642312368724113,42.35768763127589
2016,Utah,Big 12,38,-0.7102309065827791,42.89769093417221
2016,Texas,SEC,50,-0.3862289248449862,46.13771075155014
2016,Iowa,Big Ten,18,-1.2502342094791006,37.497657905208996
2016,Nebraska,Big Ten,65,0.018773552327254927,50.18773552327255
2016,Houston,Big 12,27,-1.007232723175756,39.92767276824244
2016,South Florida,American Athletic,99,0.9367791672510015,59.367791672510016
2016,NC State,ACC,19,-1.2232340443342846,37.76765955665715
2016,Georgia,SEC,14,-1.358234870058365,36.41765129941635
2016,App State,Sun Belt,23,-1.1152333837550203,38.8476661624498
2016,UCLA,Big Ten,10,-1.4662355306376293,35.33764469362371
2016,Kansas State,Big 12,52,-0.3322285945553541,46.67771405444646
2016,BYU,Big 12,33,-0.8452317323068596,41.5476826769314
2016,Arkansas,SEC,70,0.15377437805133531,51.53774378051335
2016,Georgia Tech,ACC,67,0.07277388261688708,50.727738826168874
2016,Memphis,American Athletic,74,0.26177503863059964,52.617750386306
2016,Tulsa,American Athletic,57,-0.1972277688312737,48.02772231168726
2016,Michigan State,Big Ten,39,-0.683230741437963,43.16769258562037
2016,Navy,American Athletic,96,0.8557786718165533,58.55778671816553
2016,Colorado,Big 12,27,-1.007232723175756,39.92767276824244
2016,Washington State,Pac-12,60,-0.11622727339682545,48.83772726603175
2016,Oregon,Big Ten,106,1.1257803232647141,61.25780323264714
2016,Mississippi State,SEC,60,-0.11622727339682545,48.83772726603175
2016,Indiana,Big Ten,20,-1.1962338791894684,38.03766120810532
2016,Air Force,Mountain West,79,0.39677586435468,53.9677586435468
2016,Texas Tech,Big 12,112,1.2877813141336105,62.877813141336105
2016,Louisiana Tech,Conference USA,112,1.2877813141336105,62.877813141336105
2016,Northwestern,Big Ten,37,-0.7372310717275952,42.62768928272405
2016,California,ACC,107,1.15278048840953,61.5278048840953
2016,Troy,Sun Belt,43,-0.5752300808586988,44.24769919141301
2016,Colorado State,Mountain West,98,0.9097790021061855,59.097790021061854
2016,Southern Miss,Sun Belt,78,0.3697756992098639,53.69775699209864
2016,Iowa State,Big 12,67,0.07277388261688708,50.727738826168874
2016,Wake Forest,ACC,31,-0.8992320625964917,41.007679374035085
2016,Maryland,Big Ten,63,-0.03522677796237723,49.64773222037623
2016,Old Dominion,Sun Belt,82,0.47777635978912825,54.77776359789128
2016,Missouri,SEC,85,0.5587768552235765,55.587768552235765
2016,Vanderbilt,SEC,48,-0.44022925513461836,45.597707448653814
2016,Arkansas State,Sun Belt,26,-1.034232888320572,39.657671116794276
2016,Boston College,ACC,24,-1.0882332186102042,39.11766781389796
2016,Middle Tennessee,Conference USA,111,1.2607811489887943,62.60781148988794
2016,Ohio,Mid-American,45,-0.5212297505690666,44.787702494309336
2016,UCF,Big 12,35,-0.7912314020172274,42.087685979827725
2016,Northern Illinois,Mid-American,91,0.720777846092473,57.20777846092473
2016,Kentucky,SEC,93,0.7747781763821051,57.74778176382105
2016,Syracuse,ACC,84,0.5317766900787604,55.3177669007876
2016,Duke,ACC,57,-0.1972277688312737,48.02772231168726
2016,Arizona State,Big 12,117,1.422782139857691,64.227821398576907
2016,Cincinnati,Big 12,53,-0.305228429410538,46.94771570589462
2016,Virginia,ACC,67,0.07277388261688708,50.727738826168874
2016,Georgia Southern,Sun Belt,89,0.6667775158028407,56.667775158028405
2016,South Carolina,SEC,56,-0.22422793397608975,47.7577206602391
2016,Utah State,Mountain West,59,-0.14322743854164152,48.56772561458359
2016,Arizona,Big 12,88,0.6397773506580247,56.39777350658025
2016,Oregon State,Pac-12,81,0.4507761946443122,54.507761946443125
2016,New Mexico,Mountain West,119,1.4767824701473231,64.76782470147323
2016,Akron,Mid-American,64,-0.008226612817561148,49.91773387182439
2016,Miami (OH),Mid-American,72,0.20777470834096745,52.077747083409676
2016,Central Michigan,Mid-American,86,0.5857770203683925,55.85777020368393
2016,Bowling Green,Mid-American,87,0.6127771855132086,56.12777185513209
2016,Illinois,Big Ten,77,0.34277553406504785,53.42775534065048
2016,Wyoming,Mountain West,115,1.3687818095680588,63.68781809568059
2016,Ball State,Mid-American,101,0.9907794975406337,59.90779497540633
2016,Eastern Michigan,Mid-American,108,1.1797806535543462,61.79780653554346
2016,Idaho,Big Sky,99,0.9367791672510015,59.367791672510016
2016,Louisiana,Sun Belt,75,0.2887752037754157,52.887752037754154
2016,East Carolina,American Athletic,101,0.9907794975406337,59.90779497540633
2016,South Alabama,Sun Belt,92,0.747778011237289,57.47778011237289
2016,Army,American Athletic,73,0.23477487348578355,52.34774873485784
2016,Hawai'i,Mountain West,124,1.6117832958714033,66.11783295871403
2016,SMU,ACC,89,0.6667775158028407,56.667775158028405
2016,Purdue,Big Ten,103,1.0447798278302658,60.447798278302656
2016,UTSA,American Athletic,95,0.8287785066717372,58.287785066717376
2016,UConn,FBS Independents,82,0.47777635978912825,54.77776359789128
2016,Kent State,Mid-American,54,-0.2782282642657219,47.21771735734278
2016,Georgia State,Sun Belt,49,-0.4132290899898023,45.867709100101976
2016,Marshall,Sun Belt,104,1.071779992975082,60.71779992975082
2016,Nevada,Mountain West,118,1.449782305002507,64.49782305002506
2016,San José State,Mountain West,109,1.2067808186991622,62.06780818699162
2016,Florida Atlantic,American Athletic,128,1.7197839564506678,67.19783956450668
2016,UNLV,Mountain West,122,1.5577829655817712,65.57782965581771
2016,Tulane,American Athletic,66,0.045773717472071006,50.45773717472071
2016,North Texas,American Athletic,115,1.3687818095680588,63.68781809568059
2016,Rutgers,Big Ten,79,0.39677586435468,53.9677586435468
2016,Massachusetts,Mid-American,109,1.2067808186991622,62.06780818699162
2016,Kansas,Big 12,105,1.098780158119898,60.98780158119898
2016,UTEP,Conference USA,123,1.5847831307265874,65.84783130726588
2016,Rice,American Athletic,119,1.4767824701473231,64.76782470147323
2016,Fresno State,Mountain West,96,0.8557786718165533,58.55778671816553
2016,New Mexico State,Conference USA,121,1.5307828004369552,65.30782800436955
2016,Buffalo,Mid-American,94,0.8017783415269212,58.017783415269214
2016,Florida International,Conference USA,126,1.6657836261610357,66.65783626161036
2016,Charlotte,American Athletic,112,1.2877813141336105,62.877813141336105
2016,UL Monroe,Sun Belt,125,1.6387834610162195,66.3878346101622
2016,Texas State,Sun Belt,127,1.6927837913058517,66.92783791305851
2017,Alabama,SEC,1,-1.7049008601428004,32.950991398572
2017,Ohio State,Big Ten,7,-1.5431711342794516,34.568288657205485
2017,Wisconsin,Big Ten,4,-1.624035997211126,33.759640027888736
2017,Georgia,SEC,12,-1.4083963627266611,35.91603637273339
2017,Clemson,ACC,2,-1.6779459058322423,33.22054094167758
2017,Penn State,Big Ten,10,-1.4623062713477775,35.37693728652222
2017,Oklahoma,SEC,43,-0.5727927790993598,44.2720722090064
2017,Auburn,SEC,3,-1.650990951521684,33.49009048478316
2017,Florida State,ACC,6,-1.57012608859001,34.2987391140999
2017,Washington,Big Ten,13,-1.381441408416103,36.18558591583897
2017,LSU,SEC,8,-1.5162161799688936,34.83783820031107
2017,Notre Dame,FBS Independents,15,-1.3275314997949867,36.72468500205014
2017,Michigan,Big Ten,5,-1.597081042900568,34.02918957099432
2017,Louisville,ACC,47,-0.4649729618571274,45.35027038142873
2017,Oklahoma State,Big 12,35,-0.7884324135838247,42.11567586416175
2017,TCU,Big 12,19,-1.2197116825527543,37.802883174472456
2017,USC,Big Ten,24,-1.0849369109999638,39.15063089000036
2017,Miami,ACC,16,-1.3005765454844287,36.99423454515571
2017,Mississippi State,SEC,18,-1.2466666368633126,37.53333363136687
2017,Stanford,ACC,44,-0.5458378247888017,44.54162175211198
2017,Virginia Tech,ACC,9,-1.4892612256583355,35.107387743416645
2017,UCF,Big 12,63,-0.03369369288819764,49.663063071118025
2017,Michigan State,Big Ten,11,-1.4353513170372192,35.646486829627804
2017,NC State,ACC,37,-0.7345225049627084,42.65477495037292
2017,Utah,Big 12,26,-1.0310270023788477,39.689729976211524
2017,Ole Miss,SEC,76,0.31672071314905775,53.16720713149058
2017,Northwestern,Big Ten,17,-1.2736215911738706,37.26378408826129
2017,Missouri,SEC,60,-0.11455855581987195,48.85441444180128
2017,Kansas State,Big 12,59,-0.14151351013043006,48.5848648986957
2017,Texas,SEC,13,-1.381441408416103,36.18558591583897
2017,Wake Forest,ACC,49,-0.41106305323601117,45.88936946763989
2017,Indiana,Big Ten,25,-1.0579819566894058,39.42018043310594
2017,South Florida,American Athletic,29,-0.9501621394471733,40.498378605528266
2017,Florida,SEC,33,-0.8423423222049409,41.57657677795059
2017,Iowa,Big Ten,21,-1.1658017739316382,38.34198226068362
2017,Texas A&M,SEC,52,-0.33019819030433684,46.69801809695663
2017,Oregon,Big Ten,49,-0.41106305323601117,45.88936946763989
2017,Boise State,Mountain West,26,-1.0310270023788477,39.689729976211524
2017,Georgia Tech,ACC,49,-0.41106305323601117,45.88936946763989
2017,Washington State,Pac-12,30,-0.9232071851366153,40.76792814863385
2017,Memphis,American Athletic,86,0.5862702562546389,55.86270256254639
2017,South Carolina,SEC,22,-1.1388468196210801,38.6115318037892
2017,Houston,Big 12,56,-0.2223783730621044,47.776216269378956
2017,Iowa State,Big 12,88,0.6401801648757551,56.401801648757555
2017,Toledo,Mid-American,54,-0.2762882816832206,47.2371171831678
2017,Duke,ACC,20,-1.1927567282421963,38.07243271757804
2017,Pittsburgh,ACC,48,-0.4380180075465693,45.619819924534305
2017,Purdue,Big Ten,30,-0.9232071851366153,40.76792814863385
2017,West Virginia,Big 12,65,0.020216215732918583,50.202162157329184
2017,Florida Atlantic,American Athletic,89,0.6671351191863132,56.67135119186313
2017,UCLA,Big Ten,104,1.0714594338446848,60.714594338446844
2017,Texas Tech,Big 12,70,0.15499098728570912,51.54990987285709
2017,Boston College,ACC,23,-1.111891865310522,38.88108134689478
2017,San Diego State,Mountain West,45,-0.5188828704782436,44.81117129521756
2017,North Carolina,ACC,58,-0.16846846444098817,48.315315355590116
2017,Syracuse,ACC,66,0.04717117004347669,50.47171170043477
2017,Colorado State,Mountain West,96,0.8558197993602199,58.5581979936022
2017,App State,Sun Belt,45,-0.5188828704782436,44.81117129521756
2017,Arizona,Big 12,100,0.9636396166024523,59.636396166024525
2017,Ohio,Mid-American,86,0.5862702562546389,55.86270256254639
2017,Kentucky,SEC,80,0.4245405303912902,54.245405303912904
2017,Nebraska,Big Ten,40,-0.6536576420310342,43.46342357968966
2017,Arkansas,SEC,91,0.7210450278074294,57.21045027807429
2017,Colorado,Big 12,84,0.5323603476335227,55.32360347633523
2017,Troy,Sun Belt,39,-0.6806125963415922,43.19387403658408
2017,Arkansas State,Sun Belt,74,0.26281080452794153,52.62810804527942
2017,Tennessee,SEC,54,-0.2762882816832206,47.2371171831678
2017,Arizona State,Big 12,99,0.9366846622918943,59.36684662291894
2017,Virginia,ACC,37,-0.7345225049627084,42.65477495037292
2017,Vanderbilt,SEC,77,0.34367566745961586,53.43675667459616
2017,Temple,American Athletic,42,-0.5997477334099179,44.00252266590082
2017,Minnesota,Big Ten,30,-0.9232071851366153,40.76792814863385
2017,Navy,American Athletic,93,0.7749549364285456,57.74954936428546
2017,California,ACC,81,0.4514954847018483,54.51495484701849
2017,Northern Illinois,Mid-American,26,-1.0310270023788477,39.689729976211524
2017,Baylor,Big 12,77,0.34367566745961586,53.43675667459616
2017,Miami (OH),Mid-American,63,-0.03369369288819764,49.663063071118025
2017,Western Michigan,Mid-American,73,0.23585585021738345,52.358558502173835
2017,UTSA,American Athletic,34,-0.8153873678943828,41.846126321056175
2017,Wyoming,Mountain West,36,-0.7614774592732666,42.385225407267335
2017,Fresno State,Mountain West,53,-0.3032432359937787,46.967567640062214
2017,SMU,ACC,111,1.2601441140185916,62.60144114018591
2017,Utah State,Mountain West,67,0.0741261243540348,50.74126124354035
2017,Southern Miss,Sun Belt,70,0.15499098728570912,51.54990987285709
2017,Maryland,Big Ten,70,0.15499098728570912,51.54990987285709
2017,Marshall,Sun Belt,41,-0.626702687720476,43.732973122795244
2017,North Texas,American Athletic,103,1.0445044795341267,60.44504479534127
2017,Western Kentucky,Conference USA,83,0.5054053933229645,55.054053933229646
2017,Middle Tennessee,Conference USA,62,-0.06064864719875574,49.39351352801244
2017,Army,American Athletic,105,1.0984143881552428,60.98414388155243
2017,Eastern Michigan,Mid-American,60,-0.11455855581987195,48.85441444180128
2017,Louisiana Tech,Conference USA,96,0.8558197993602199,58.5581979936022
2017,Rutgers,Big Ten,77,0.34367566745961586,53.43675667459616
2017,Tulane,American Athletic,105,1.0984143881552428,60.98414388155243
2017,Cincinnati,Big 12,68,0.10108107866459291,51.010810786645926
2017,Illinois,Big Ten,81,0.4514954847018483,54.51495484701849
2017,BYU,Big 12,56,-0.2223783730621044,47.776216269378956
2017,Central Michigan,Mid-American,68,0.10108107866459291,51.010810786645926
2017,New Mexico State,Conference USA,95,0.8288648450496618,58.288648450496616
2017,Massachusetts,Mid-American,92,0.7479999821179875,57.479999821179874
2017,Bowling Green,Mid-American,117,1.4218738398819402,64.2187383988194
2017,Florida International,Conference USA,105,1.0984143881552428,60.98414388155243
2017,Tulsa,American Athletic,115,1.367963931260824,63.679639312608245
2017,Air Force,Mountain West,122,1.5566486114347309,65.56648611434731
2017,Buffalo,Mid-American,100,0.9636396166024523,59.636396166024525
2017,South Alabama,Sun Belt,90,0.6940900734968712,56.940900734968714
2017,New Mexico,Mountain West,102,1.0175495252235687,60.175495252235685
2017,Idaho,Big Sky,85,0.5593153019440807,55.593153019440805
2017,Oregon State,Pac-12,120,1.5027387028136145,65.02738702813615
2017,UL Monroe,Sun Belt,128,1.7183783372980794,67.1837833729808
2017,Georgia State,Sun Belt,74,0.26281080452794153,52.62810804527942
2017,East Carolina,American Athletic,126,1.664468428676963,66.64468428676963
2017,UNLV,Mountain West,119,1.4757837485030565,64.75783748503056
2017,Kansas,Big 12,109,1.2062342053974753,62.06234205397475
2017,Georgia Southern,Sun Belt,108,1.1792792510869172,61.79279251086918
2017,Louisiana,Sun Belt,127,1.6914233829875214,66.91423382987522
2017,Nevada,Mountain West,125,1.637513474366405,66.37513474366405
2017,Old Dominion,Sun Belt,98,0.9097297079813361,59.09729707981336
2017,Akron,Mid-American,118,1.4488287941924984,64.48828794192498
2017,UConn,FBS Independents,123,1.583603565745289,65.8360356574529
2017,Hawai'i,Mountain West,121,1.5296936571241726,65.29693657124173
2017,Ball State,Mid-American,113,1.3140540226397077,63.14054022639708
2017,San José State,Mountain West,112,1.2870990683291497,62.870990683291495
2017,Kent State,Mid-American,94,0.8019098907391037,58.01909890739104
2017,Texas State,Sun Belt,110,1.2331891597080336,62.331891597080336
2017,Rice,American Athletic,124,1.610558520055847,66.10558520055847
2017,Charlotte,American Athletic,113,1.3140540226397077,63.14054022639708
2017,UTEP,Conference USA,116,1.394918885571382,63.94918885571382
2018,Alabama,SEC,7,-1.5485345870579197,34.514654129420805
2018,Georgia,SEC,7,-1.5485345870579197,34.514654129420805
2018,Clemson,ACC,3,-1.6546964835997942,33.45303516400206
2018,Oklahoma,SEC,84,0.4950819213731651,54.95081921373165
2018,LSU,SEC,5,-1.601615535328857,33.98384464671143
2018,Ohio State,Big Ten,26,-1.0442655784840156,39.557344215159844
2018,Auburn,SEC,6,-1.5750750611933884,34.24924938806612
2018,Mississippi State,SEC,1,-1.7077774318707315,32.92222568129269
2018,Florida,SEC,17,-1.2831298457032334,37.16870154296767
2018,Michigan,Big Ten,9,-1.4954536387869826,35.04546361213018
2018,Texas A&M,SEC,21,-1.176967949161359,38.23032050838641
2018,Missouri,SEC,24,-1.097346526754953,39.02653473245047
2018,Notre Dame,FBS Independents,10,-1.468913164651514,35.310868353484864
2018,Washington,Big Ten,4,-1.6281560094643257,33.718439905356746
2018,Penn State,Big Ten,11,-1.4423726905160452,35.57627309483955
2018,Fresno State,Mountain West,12,-1.4158322163805765,35.841677836194236
2018,Utah,Big 12,19,-1.230048897432296,37.69951102567704
2018,UCF,Big 12,47,-0.4869156216391744,45.130843783608256
2018,Wisconsin,Big Ten,29,-0.9646441560776098,40.3535584392239
2018,South Carolina,SEC,40,-0.6726989405874548,43.27301059412545
2018,Utah State,Mountain West,34,-0.8319417854002666,41.680582145997334
2018,Oklahoma State,Big 12,71,0.15005575761207282,51.50055757612073
2018,Iowa,Big Ten,18,-1.2565893715677647,37.434106284322354
2018,West Virginia,Big 12,76,0.282758128289416,52.82758128289416
2018,Kentucky,SEC,15,-1.3362107939741708,36.637892060258295
2018,Stanford,ACC,43,-0.5930775181810489,44.06922481818951
2018,Miami,ACC,14,-1.3627512681096392,36.37248731890361
2018,Boise State,Mountain West,37,-0.7523203629938607,42.47679637006139
2018,App State,Sun Belt,20,-1.2035084232968274,37.96491576703173
2018,Michigan State,Big Ten,2,-1.6812369577352628,33.18763042264737
2018,Texas,SEC,44,-0.5665370440455803,44.3346295595442
2018,Washington State,Pac-12,59,-0.16842993201355078,48.31570067986449
2018,Ole Miss,SEC,90,0.6543247661859769,56.543247661859766
2018,USC,Big Ten,34,-0.8319417854002666,41.680582145997334
2018,NC State,ACC,54,-0.3011323026908939,46.98867697309106
2018,Memphis,American Athletic,87,0.574703343779571,55.74703343779571
2018,Texas Tech,Big 12,80,0.3889200248312905,53.8892002483129
2018,Iowa State,Big 12,28,-0.9911846302130785,40.08815369786922
2018,Vanderbilt,SEC,57,-0.22151088028448804,47.78489119715512
2018,Syracuse,ACC,60,-0.14188945787808213,48.58110542121918
2018,Oregon,Big Ten,50,-0.4072941992327685,45.927058007672315
2018,Virginia,ACC,31,-0.9115632078066725,40.884367921933276
2018,TCU,Big 12,16,-1.309670319838702,36.90329680161298
2018,Purdue,Big Ten,88,0.6012438179150396,56.012438179150394
2018,Minnesota,Big Ten,37,-0.7523203629938607,42.47679637006139
2018,BYU,Big 12,33,-0.8584822595357352,41.41517740464265
2018,San Diego State,Mountain West,24,-1.097346526754953,39.02653473245047
2018,Tennessee,SEC,71,0.15005575761207282,51.50055757612073
2018,Cincinnati,Big 12,36,-0.7788608371293293,42.21139162870671
2018,Nebraska,Big Ten,55,-0.2745918285554253,47.254081714445746
2018,Duke,ACC,46,-0.513456095774643,44.86543904225357
2018,Arizona State,Big 12,86,0.5481628696441023,55.48162869644102
2018,Arkansas,SEC,49,-0.4338346733682371,45.66165326631763
2018,Ohio,Mid-American,107,1.1055128264889436,61.05512826488943
2018,California,ACC,13,-1.3892917422451079,36.10708257754892
2018,Virginia Tech,ACC,77,0.30929860242488466,53.092986024248845
2018,Wake Forest,ACC,64,-0.0357275613362076,49.64272438663792
2018,Arizona,Big 12,73,0.2031367058830101,52.0313670588301
2018,Maryland,Big Ten,51,-0.3807537250972998,46.192462749027
2018,Temple,American Athletic,42,-0.6196179923165176,43.803820076834825
2018,Pittsburgh,ACC,53,-0.3276727768263626,46.723272231736374
2018,Troy,Sun Belt,48,-0.46037514750370573,45.39624852496294
2018,Boston College,ACC,32,-0.8850227336712039,41.14977266328796
2018,Houston,Big 12,106,1.078972352353475,60.78972352353475
2018,North Texas,American Athletic,78,0.3358390765603533,53.35839076560353
2018,Baylor,Big 12,85,0.5216223955086337,55.216223955086335
2018,Toledo,Mid-American,102,0.9728104558116005,59.728104558116
2018,Wyoming,Mountain West,41,-0.6461584664519862,43.53841533548014
2018,Northwestern,Big Ten,29,-0.9646441560776098,40.3535584392239
2018,Indiana,Big Ten,75,0.25621765415394737,52.56217654153947
2018,Florida State,ACC,37,-0.7523203629938607,42.47679637006139
2018,Arkansas State,Sun Belt,62,-0.08880850960714487,49.11191490392855
2018,Marshall,Sun Belt,22,-1.1504274750258903,38.4957252497411
2018,Georgia Tech,ACC,100,0.9197295075406632,59.19729507540663
2018,UAB,American Athletic,44,-0.5665370440455803,44.3346295595442
2018,UCLA,Big Ten,97,0.8401080851342573,58.40108085134257
2018,Nevada,Mountain West,63,-0.06226803547167624,49.37731964528324
2018,Kansas State,Big 12,61,-0.1153489837426135,48.846510162573864
2018,Miami (OH),Mid-American,66,0.017353386934729664,50.173533869347295
2018,Colorado,Big 12,58,-0.1949704061490194,48.050295938509805
2018,Florida Atlantic,American Athletic,82,0.4420009731022278,54.420009731022276
2018,Buffalo,Mid-American,82,0.4420009731022278,54.420009731022276
2018,South Florida,American Athletic,80,0.3889200248312905,53.8892002483129
2018,Army,American Athletic,68,0.07043433520566693,50.70434335205667
2018,Air Force,Mountain West,90,0.6543247661859769,56.543247661859766
2018,Eastern Michigan,Mid-American,52,-0.3542132509618312,46.45786749038169
2018,Georgia Southern,Sun Belt,92,0.7074057144569141,57.07405714456914
2018,North Carolina,ACC,94,0.7604866627278514,57.60486662727851
2018,Northern Illinois,Mid-American,23,-1.1238870008904216,38.761129991095785
2018,Tulane,American Athletic,65,-0.009187087200738969,49.90812912799261
2018,Middle Tennessee,Conference USA,68,0.07043433520566693,50.70434335205667
2018,Southern Miss,Sun Belt,27,-1.0177251043485471,39.82274895651453
2018,SMU,ACC,79,0.3623795506958219,53.62379550695822
2018,Louisiana,Sun Belt,116,1.3443770937081614,63.44377093708161
2018,Louisiana Tech,Conference USA,56,-0.24805135441995668,47.51948645580043
2018,Florida International,Conference USA,104,1.0258914040825378,60.258914040825374
2018,Illinois,Big Ten,115,1.3178366195726927,63.17836619572692
2018,Louisville,ACC,99,0.8931890334051946,58.93189033405194
2018,New Mexico,Mountain West,109,1.158593774759881,61.585937747598805
2018,Kansas,Big 12,94,0.7604866627278514,57.60486662727851
2018,Navy,American Athletic,114,1.291296145437224,62.91296145437224
2018,Colorado State,Mountain West,110,1.1851342488953496,61.85134248895349
2018,Hawai'i,Mountain West,118,1.3974580419790985,63.97458041979098
2018,Western Michigan,Mid-American,112,1.238215197166287,62.38215197166287
2018,UL Monroe,Sun Belt,108,1.1320533006244122,61.32053300624412
2018,UNLV,Mountain West,116,1.3443770937081614,63.44377093708161
2018,Tulsa,American Athletic,96,0.8135676109987887,58.135676109987884
2018,Rutgers,Big Ten,67,0.0438938610701983,50.43893861070198
2018,Old Dominion,Sun Belt,119,1.4239985161145672,64.23998516114567
2018,East Carolina,American Athletic,101,0.9462699816761319,59.462699816761315
2018,Oregon State,Pac-12,126,1.6097818350628477,66.09781835062847
2018,Massachusetts,Mid-American,124,1.5567008867919103,65.5670088679191
2018,Western Kentucky,Conference USA,93,0.7339461885923828,57.339461885923825
2018,Texas State,Sun Belt,73,0.2031367058830101,52.0313670588301
2018,San José State,Mountain West,104,1.0258914040825378,60.258914040825374
2018,Coastal Carolina,Sun Belt,129,1.6894032574692537,66.89403257469255
2018,South Alabama,Sun Belt,123,1.5301604126564419,65.30160412656441
2018,Charlotte,American Athletic,98,0.866648559269726,58.666485592697256
2018,Ball State,Mid-American,120,1.4505389902500359,64.50538990250035
2018,Akron,Mid-American,89,0.6277842920505082,56.27784292050508
2018,Liberty,Conference USA,122,1.5036199385209732,65.03619938520973
2018,Central Michigan,Mid-American,68,0.07043433520566693,50.70434335205667
2018,New Mexico State,Conference USA,113,1.2647556713017554,62.64755671301755
2018,Georgia State,Sun Belt,127,1.6363223091983163,66.36322309198316
2018,Kent State,Mid-American,121,1.4770794643855045,64.77079464385504
2018,Bowling Green,Mid-American,128,1.662862783333785,66.62862783333784
2018,UTSA,American Athletic,102,0.9728104558116005,59.728104558116
2018,Rice,American Athletic,125,1.583241360927379,65.83241360927379
2018,UConn,FBS Independents,130,1.7159437316047221,67.15943731604722
2018,UTEP,Conference USA,111,1.2116747230308182,62.11674723030818
2019,Ohio State,Big Ten,2,-1.6805625840919656,33.19437415908034
2019,LSU,SEC,20,-1.2025032056850606,37.974967943149395
2019,Alabama,SEC,3,-1.6540037297360264,33.459962702639736
2019,Clemson,ACC,3,-1.6540037297360264,33.459962702639736
2019,Georgia,SEC,1,-1.7071214384479048,32.92878561552095
2019,Penn State,Big Ten,10,-1.4680917492444523,35.31908250755548
2019,Florida,SEC,7,-1.5477683123122696,34.522316876877305
2019,Oklahoma,SEC,47,-0.4854141380747035,45.14585861925296
2019,Auburn,SEC,5,-1.600886021024148,33.99113978975852
2019,Michigan,Big Ten,11,-1.441532894888513,35.58467105111487
2019,Wisconsin,Big Ten,14,-1.3618563318206955,36.38143668179305
2019,Utah,Big 12,16,-1.3087386231088174,36.912613768911825
2019,Minnesota,Big Ten,26,-1.0431500795494257,39.56849920450574
2019,UCF,Big 12,21,-1.1759443513291215,38.24055648670878
2019,Oregon,Big Ten,7,-1.5477683123122696,34.522316876877305
2019,Washington,Big Ten,24,-1.096267788261304,39.03732211738696
2019,Memphis,American Athletic,39,-0.6978849729222167,43.02115027077783
2019,Baylor,Big 12,18,-1.255620914396939,37.44379085603061
2019,Notre Dame,FBS Independents,22,-1.1493854969731825,38.50614503026817
2019,Iowa,Big Ten,6,-1.5743271666682088,34.25672833331791
2019,Texas A&M,SEC,23,-1.1228266426172433,38.77173357382757
2019,USC,Big Ten,59,-0.16670788580343363,48.33292114196566
2019,Indiana,Big Ten,41,-0.6447672642103385,43.552327357896615
2019,Iowa State,Big 12,24,-1.096267788261304,39.03732211738696
2019,Air Force,Mountain West,53,-0.32606101193906856,46.739389880609316
2019,Texas,SEC,67,0.04576294904407961,50.457629490440794
2019,App State,Sun Belt,37,-0.7510026816340951,42.489973183659046
2019,Washington State,Pac-12,95,0.789410871010376,57.89410871010376
2019,Tennessee,SEC,19,-1.2290620600409998,37.709379399590006
2019,North Carolina,ACC,43,-0.5916495554984601,44.0835044450154
2019,Navy,American Athletic,52,-0.35261986629500774,46.47380133704992
2019,Miami,ACC,9,-1.4946506036003915,35.05349396399609
2019,Louisiana,Sun Belt,65,-0.007354759667798698,49.92645240332201
2019,Cincinnati,Big 12,31,-0.91035580776973,40.8964419223027
2019,Kentucky,SEC,34,-0.8306792447019126,41.69320755298087
2019,Oklahoma State,Big 12,56,-0.2463844488712511,47.53615551128749
2019,Boise State,Mountain West,48,-0.45885528371876433,45.41144716281236
2019,Virginia Tech,ACC,38,-0.7244438272781559,42.75556172721844
2019,Missouri,SEC,17,-1.2821797687528782,37.178202312471214
2019,Tulane,American Athletic,55,-0.27294330322719024,47.2705669677281
2019,Michigan State,Big Ten,13,-1.3884151861766347,36.11584813823365
2019,TCU,Big 12,35,-0.8041203903459734,41.95879609654027
2019,Virginia,ACC,50,-0.405737575006886,45.94262424993114
2019,Arizona State,Big 12,40,-0.6713261185662776,43.28673881433723
2019,Kansas State,Big 12,46,-0.5119729924306426,44.88027007569357
2019,South Carolina,SEC,29,-0.9634735164816083,40.365264835183915
2019,SMU,ACC,65,-0.007354759667798698,49.92645240332201
2019,Pittsburgh,ACC,11,-1.441532894888513,35.58467105111487
2019,Ohio,Mid-American,97,0.8425285797222543,58.42528579722254
2019,Mississippi State,SEC,69,0.09888065775595793,50.98880657755958
2019,Temple,American Athletic,29,-0.9634735164816083,40.365264835183915
2019,Ole Miss,SEC,41,-0.6447672642103385,43.552327357896615
2019,Texas Tech,Big 12,83,0.47070461873910613,54.70704618739106
2019,Nebraska,Big Ten,61,-0.11359017709155532,48.86409822908445
2019,Wake Forest,ACC,68,0.07232180340001877,50.72321803400019
2019,San Diego State,Mountain West,15,-1.3352974774647566,36.647025225352436
2019,Florida State,ACC,60,-0.14014903144749447,48.59850968552506
2019,Western Kentucky,Conference USA,31,-0.91035580776973,40.8964419223027
2019,BYU,Big 12,56,-0.2463844488712511,47.53615551128749
2019,Illinois,Big Ten,53,-0.32606101193906856,46.739389880609316
2019,Louisiana Tech,Conference USA,48,-0.45885528371876433,45.41144716281236
2019,Louisville,ACC,98,0.8690874340781934,58.69087434078193
2019,Florida Atlantic,American Athletic,74,0.23167492953565372,52.31674929535654
2019,Purdue,Big Ten,81,0.4175869100272278,54.17586910027228
2019,Oregon State,Pac-12,93,0.7362931622984976,57.36293162298497
2019,Wyoming,Mountain West,33,-0.8572380990578516,41.427619009421484
2019,UAB,American Athletic,28,-0.9900323708375475,40.099676291624526
2019,Duke,ACC,36,-0.7775615359900342,42.22438464009966
2019,Hawai'i,Mountain West,113,1.2674702494172807,62.674702494172806
2019,Marshall,Sun Belt,58,-0.19326674015937279,48.067332598406274
2019,Buffalo,Mid-American,43,-0.5916495554984601,44.0835044450154
2019,Army,American Athletic,80,0.3910280556712886,53.910280556712884
2019,Tulsa,American Athletic,50,-0.405737575006886,45.94262424993114
2019,California,ACC,45,-0.5385318467865818,44.614681532134185
2019,Liberty,Conference USA,86,0.5503811818069235,55.50381181806924
2019,Arkansas State,Sun Belt,102,0.9753228515019501,59.7532285150195
2019,Syracuse,ACC,75,0.25823378389159285,52.582337838915926
2019,UCLA,Big Ten,89,0.6300577448747411,56.30057744874741
2019,Colorado State,Mountain West,78,0.3379103469594103,53.3791034695941
2019,Fresno State,Mountain West,98,0.8690874340781934,58.69087434078193
2019,Colorado,Big 12,105,1.0549994145697676,60.549994145697674
2019,Houston,Big 12,110,1.1877936863494634,61.87793686349463
2019,Utah State,Mountain West,81,0.4175869100272278,54.17586910027228
2019,Troy,Sun Belt,110,1.1877936863494634,61.87793686349463
2019,Central Michigan,Mid-American,71,0.15199836646783624,51.519983664678364
2019,Ball State,Mid-American,91,0.6831754535866194,56.831754535866196
2019,Georgia Southern,Sun Belt,61,-0.11359017709155532,48.86409822908445
2019,Stanford,ACC,87,0.5769400361628627,55.76940036162863
2019,Southern Miss,Sun Belt,64,-0.033913614023737854,49.66086385976262
2019,Western Michigan,Mid-American,89,0.6300577448747411,56.30057744874741
2019,Northwestern,Big Ten,27,-1.0165912251934865,39.83408774806513
2019,Boston College,ACC,110,1.1877936863494634,61.87793686349463
2019,North Texas,American Athletic,91,0.6831754535866194,56.831754535866196
2019,NC State,ACC,76,0.28479263824753204,52.84792638247532
2019,Charlotte,American Athletic,107,1.1081171232816458,61.08117123281646
2019,Maryland,Big Ten,79,0.3644692013153495,53.644692013153495
2019,West Virginia,Big 12,72,0.1785572208237754,51.78557220823775
2019,Florida International,Conference USA,73,0.20511607517971456,52.05116075179715
2019,San José State,Mountain West,116,1.3471468124850983,63.471468124850986
2019,Arizona,Big 12,114,1.29402910377322,62.940291037732194
2019,Eastern Michigan,Mid-American,118,1.4002645211969766,64.00264521196976
2019,Miami (OH),Mid-American,77,0.31135149260347117,53.11351492603471
2019,South Florida,American Athletic,61,-0.11359017709155532,48.86409822908445
2019,Kansas,Big 12,106,1.0815582689257066,60.81558268925707
2019,Kent State,Mid-American,119,1.4268233755529158,64.26823375552915
2019,Vanderbilt,SEC,98,0.8690874340781934,58.69087434078193
2019,Georgia State,Sun Belt,121,1.479941084264794,64.79941084264794
2019,Arkansas,SEC,88,0.6034988905188019,56.034988905188015
2019,UL Monroe,Sun Belt,127,1.6392942104004289,66.39294210400429
2019,Middle Tennessee,Conference USA,117,1.3737056668410375,63.737056668410375
2019,Georgia Tech,ACC,70,0.12543951211189708,51.25439512111897
2019,Nevada,Mountain West,85,0.5238223274509844,55.23822327450984
2019,Coastal Carolina,Sun Belt,108,1.134675977637585,61.34675977637585
2019,Toledo,Mid-American,121,1.479941084264794,64.79941084264794
2019,Northern Illinois,Mid-American,102,0.9753228515019501,59.7532285150195
2019,East Carolina,American Athletic,120,1.4533822299088548,64.53382229908854
2019,Rutgers,Big Ten,84,0.49726347309504526,54.97263473095045
2019,Texas State,Sun Belt,94,0.7628520166544368,57.62852016654437
2019,New Mexico,Mountain West,123,1.5330587929766724,65.33058792976672
2019,UNLV,Mountain West,114,1.29402910377322,62.940291037732194
2019,Rice,American Athletic,96,0.8159697253663152,58.159697253663154
2019,South Alabama,Sun Belt,101,0.9487639971460109,59.48763997146011
2019,New Mexico State,Conference USA,126,1.61273535604449,66.1273535604449
2019,UTSA,American Athletic,128,1.665853064756368,66.65853064756368
2019,UConn,FBS Independents,125,1.5861765016885507,65.8617650168855
2019,Old Dominion,Sun Belt,104,1.0284405602138285,60.284405602138285
2019,UTEP,Conference USA,129,1.6924119191123073,66.92411919112307
2019,Bowling Green,Mid-American,124,1.5596176473326115,65.59617647332611
2019,Akron,Mid-American,108,1.134675977637585,61.34675977637585
2019,Massachusetts,Mid-American,130,1.7189707734682464,67.18970773468246
2020,Ohio State,Big Ten,7,-1.5472513610753524,34.52748638924648
2020,Alabama,SEC,12,-1.414536477900507,35.85463522099493
2020,Wisconsin,Big Ten,2,-1.679966244250198,33.20033755749802
2020,Clemson,ACC,7,-1.5472513610753524,34.52748638924648
2020,Notre Dame,FBS Independents,11,-1.441079454535476,35.58920545464524
2020,Florida,SEC,34,-0.8305909919311867,41.694090080688134
2020,BYU,Big 12,20,-1.2021926648207542,37.97807335179246
2020,Georgia,SEC,1,-1.7065092208851669,32.93490779114833
2020,Cincinnati,Big 12,6,-1.5737943377103214,34.262056622896786
2020,Oregon,Big Ten,10,-1.467622431170445,35.32377568829555
2020,North Carolina,ACC,47,-0.48553229567658845,45.14467704323412
2020,Oklahoma,SEC,42,-0.6182471788514339,43.81752821148566
2020,Iowa,Big Ten,3,-1.6534232676152287,33.465767323847714
2020,Texas A&M,SEC,25,-1.0694777816459087,39.30522218354091
2020,Oklahoma State,Big 12,7,-1.5472513610753524,34.52748638924648
2020,Penn State,Big Ten,23,-1.1225637349158468,38.77436265084153
2020,Virginia Tech,ACC,38,-0.7244190853913103,42.7558091460869
2020,UCF,Big 12,51,-0.37936038913671205,46.20639610863288
2020,Iowa State,Big 12,24,-1.0960207582808776,39.03979241719122
2020,Miami,ACC,19,-1.2287356414557231,37.71264358544277
2020,Auburn,SEC,22,-1.1491067115508158,38.50893288449184
2020,USC,Big Ten,45,-0.5386182489465267,44.61381751053473
2020,Utah,Big 12,37,-0.7509620620262795,42.490379379737206
2020,Washington,Big Ten,17,-1.2818215947256613,37.18178405274339
2020,Arizona State,Big 12,14,-1.3614505246305686,36.38549475369432
2020,Indiana,Big Ten,28,-0.9898488517410013,40.101511482589984
2020,Michigan,Big Ten,26,-1.0429348050109395,39.5706519498906
2020,App State,Sun Belt,28,-0.9898488517410013,40.101511482589984
2020,Texas,SEC,42,-0.6182471788514339,43.81752821148566
2020,Marshall,Sun Belt,16,-1.3083645713606304,36.9163542863937
2020,SMU,ACC,60,-0.14047359942199017,48.595264005780095
2020,Northwestern,Big Ten,5,-1.6003373143452906,33.996626856547095
2020,West Virginia,Big 12,18,-1.2552786180906923,37.44721381909308
2020,Louisiana,Sun Belt,47,-0.48553229567658845,45.14467704323412
2020,Nebraska,Big Ten,53,-0.32627443586677385,46.73725564133226
2020,Boise State,Mountain West,54,-0.2997314592318048,47.00268540768195
2020,Coastal Carolina,Sun Belt,60,-0.14047359942199017,48.595264005780095
2020,Louisville,ACC,87,0.5761867697221754,55.76186769722175
2020,Liberty,Conference USA,64,-0.034301692882113786,49.656983071178864
2020,UAB,American Athletic,13,-1.3879935012655378,36.12006498734462
2020,LSU,SEC,69,0.0984131902927317,50.98413190292732
2020,Pittsburgh,ACC,14,-1.3614505246305686,36.38549475369432
2020,Purdue,Big Ten,57,-0.22010252932689747,47.79897470673102
2020,Memphis,American Athletic,73,0.2045850968326081,52.04585096832608
2020,Tulsa,American Athletic,31,-0.910219921836094,40.89780078163906
2020,San Diego State,Mountain West,4,-1.6268802909802595,33.731197090197405
2020,Ole Miss,SEC,99,0.8947024893418046,58.947024893418046
2020,Minnesota,Big Ten,86,0.5496437930872063,55.49643793087206
2020,Tulane,American Athletic,72,0.178042120197639,51.78042120197639
2020,Washington State,Pac-12,101,0.9477884426117428,59.47788442611743
2020,Houston,Big 12,71,0.15149914356266989,51.5149914356267
2020,Army,American Athletic,44,-0.5651612255814957,44.34838774418505
2020,California,ACC,68,0.0718702136577626,50.718702136577626
2020,Troy,Sun Belt,52,-0.352817412501743,46.47182587498257
2020,Kentucky,SEC,35,-0.8040480152962176,41.959519847037825
2020,Kansas State,Big 12,40,-0.6713331321213721,43.28666867878628
2020,Nevada,Mountain West,47,-0.48553229567658845,45.14467704323412
2020,Arkansas,SEC,56,-0.24664550596186657,47.53354494038133
2020,Stanford,ACC,70,0.1249561669277008,51.24956166927701
2020,TCU,Big 12,30,-0.9367628984710631,40.632371015289365
2020,Buffalo,Mid-American,47,-0.48553229567658845,45.14467704323412
2020,Baylor,Big 12,36,-0.7775050386612485,42.224949613387516
2020,Tennessee,SEC,32,-0.8836769452011249,41.163230547988746
2020,Virginia,ACC,63,-0.06084466951708289,49.39155330482917
2020,Boston College,ACC,76,0.2842140267375154,52.84214026737516
2020,Wake Forest,ACC,66,0.018784260387824405,50.187842603878245
2020,Western Michigan,Mid-American,88,0.6027297463571446,56.02729746357144
2020,Georgia Southern,Sun Belt,59,-0.16701657605695927,48.329834239430404
2020,San José State,Mountain West,83,0.47001486318229907,54.70014863182299
2020,NC State,ACC,80,0.3903859332773918,53.90385933277392
2020,Maryland,Big Ten,67,0.0453272370227935,50.453272370227936
2020,Florida Atlantic,American Athletic,33,-0.8571339685661558,41.428660314338444
2020,Colorado,Big 12,83,0.47001486318229907,54.70014863182299
2020,Oregon State,Pac-12,80,0.3903859332773918,53.90385933277392
2020,Missouri,SEC,39,-0.6978761087563412,43.02123891243659
2020,Georgia Tech,ACC,65,-0.007758716247144692,49.922412837528555
2020,UCLA,Big Ten,92,0.7089016528970209,57.089016528970205
2020,Mississippi State,SEC,58,-0.19355955269192837,48.064404473080714
2020,Central Michigan,Mid-American,62,-0.08738764615205198,49.12612353847948
2020,South Carolina,SEC,76,0.2842140267375154,52.84214026737516
2020,Michigan State,Big Ten,21,-1.175649688185785,38.24350311814215
2020,Wyoming,Mountain West,41,-0.6447901554864031,43.55209844513597
2020,Ohio,Mid-American,96,0.8150735594368973,58.150735594368975
2020,Western Kentucky,Conference USA,27,-1.0163918283759703,39.8360817162403
2020,Arizona,Big 12,116,1.3459330921362793,63.45933092136279
2020,Toledo,Mid-American,96,0.8150735594368973,58.150735594368975
2020,Duke,ACC,45,-0.5386182489465267,44.61381751053473
2020,Texas Tech,Big 12,94,0.7619876061669592,57.61987606166959
2020,Florida State,ACC,89,0.6292727229921137,56.292727229921134
2020,Illinois,Big Ten,73,0.2045850968326081,52.04585096832608
2020,Fresno State,Mountain West,109,1.1601322556914957,61.60132255691496
2020,Air Force,Mountain West,78,0.3372999800074536,53.37299980007454
2020,Georgia State,Sun Belt,106,1.0805033257865884,60.80503325786589
2020,Arkansas State,Sun Belt,122,1.5051909519460938,65.05190951946093
2020,Colorado State,Mountain West,85,0.5231008164522373,55.23100816452237
2020,Charlotte,American Athletic,113,1.266304162231372,62.66304162231372
2020,Ball State,Mid-American,104,1.02741737251665,60.2741737251665
2020,Louisiana Tech,Conference USA,90,0.6558156996270827,56.558156996270824
2020,Hawai'i,Mountain West,111,1.2132182089614338,62.13218208961434
2020,Kent State,Mid-American,116,1.3459330921362793,63.45933092136279
2020,Southern Miss,Sun Belt,93,0.7354446295319901,57.3544462953199
2020,North Texas,American Athletic,118,1.3990190454062175,63.99019045406217
2020,Rice,American Athletic,55,-0.27318848259683565,47.26811517403164
2020,Navy,American Athletic,112,1.2397611855964028,62.39761185596403
2020,UTSA,American Athletic,101,0.9477884426117428,59.47788442611743
2020,Syracuse,ACC,82,0.44347188654732994,54.4347188654733
2020,Temple,American Athletic,96,0.8150735594368973,58.150735594368975
2020,Rutgers,Big Ten,91,0.6823586762620518,56.82358676262052
2020,Florida International,Conference USA,95,0.7885305828019282,57.885305828019284
2020,East Carolina,American Athletic,121,1.4786479753111248,64.78647975311125
2020,South Alabama,Sun Belt,101,0.9477884426117428,59.47788442611743
2020,South Florida,American Athletic,75,0.25767105010254626,52.57671050102546
2020,Middle Tennessee,Conference USA,113,1.266304162231372,62.66304162231372
2020,Eastern Michigan,Mid-American,127,1.6379058351209392,66.3790583512094
2020,Miami (OH),Mid-American,100,0.9212454659767737,59.21245465976774
2020,Texas State,Sun Belt,119,1.4255620220411866,64.25562022041187
2020,New Mexico,Mountain West,124,1.5582769052160321,65.58276905216032
2020,Old Dominion,Sun Belt,79,0.36384295664242267,53.63842956642423
2020,Kansas,Big 12,107,1.1070463024215573,61.07046302421557
2020,Utah State,Mountain West,120,1.4521049986761556,64.52104998676155
2020,Vanderbilt,SEC,105,1.0539603491516192,60.53960349151619
2020,Northern Illinois,Mid-American,107,1.1070463024215573,61.07046302421557
2020,UL Monroe,Sun Belt,125,1.584819881851001,65.84819881851001
2020,UTEP,Conference USA,115,1.3193901155013101,63.1939011550131
2020,UNLV,Mountain West,128,1.6644488117559084,66.64448811755909
2020,UConn,FBS Independents,126,1.6113628584859703,66.1136285848597
2020,Akron,Mid-American,110,1.1866752323264647,61.86675232326465
2020,Bowling Green,Mid-American,123,1.531733928581063,65.31733928581063
2020,Massachusetts,Mid-American,130,1.7175347650258466,67.17534765025846
2020,New Mexico State,Conference USA,129,1.6909917883908776,66.90991788390878
2021,Georgia,SEC,1,-1.70308073881904,32.9691926118096
2021,Ohio State,Big Ten,20,-1.199295178952809,38.00704821047191
2021,Alabama,SEC,9,-1.4909605030858903,35.090394969141094
2021,Michigan,Big Ten,10,-1.4644454736192465,35.355545263807535
2021,Cincinnati,Big 12,11,-1.4379304441526028,35.62069555847397
2021,Texas A&M,SEC,7,-1.5439905620191776,34.56009437980822
2021,Wisconsin,Big Ten,2,-1.6765657093523965,33.23434290647604
2021,Clemson,ACC,3,-1.6500506798857526,33.49949320114247
2021,Pittsburgh,ACC,29,-0.9606599137530154,40.393400862469846
2021,Tennessee,SEC,47,-0.48338938335342807,45.16610616646572
2021,Notre Dame,FBS Independents,15,-1.3318703262860279,36.68129673713972
2021,Oklahoma State,Big 12,4,-1.623535650419109,33.76464349580891
2021,Oklahoma,SEC,57,-0.21823908868699068,47.817609113130096
2021,NC State,ACC,14,-1.3583853557526715,36.416146442473284
2021,Baylor,Big 12,12,-1.411415414685959,35.88584585314041
2021,Utah,Big 12,21,-1.1727801494861654,38.27219850513835
2021,Ole Miss,SEC,36,-0.7750547074865093,42.249452925134904
2021,Minnesota,Big Ten,8,-1.517475532552534,34.82524467447466
2021,Iowa State,Big 12,19,-1.2258102084194529,37.74189791580547
2021,Penn State,Big Ten,6,-1.5705055914858215,34.294944085141786
2021,Kansas State,Big 12,16,-1.305355296819384,36.94644703180616
2021,Arkansas,SEC,27,-1.013689972686303,39.86310027313697
2021,Kentucky,SEC,35,-0.8015697369531529,41.98430263046847
2021,Western Kentucky,Conference USA,90,0.6567568837122528,56.56756883712253
2021,Coastal Carolina,Sun Belt,62,-0.08566394135377196,49.14336058646228
2021,Arizona State,Big 12,24,-1.093235061086234,39.06764938913766
2021,Iowa,Big Ten,5,-1.597020620952465,34.02979379047535
2021,Michigan State,Big Ten,30,-0.9341448842863717,40.65855115713629
2021,Florida,SEC,39,-0.695509619086578,43.04490380913422
2021,Auburn,SEC,17,-1.2788402673527404,37.2115973264726
2021,Houston,Big 12,18,-1.2523252378860965,37.47674762113903
2021,Miami,ACC,51,-0.37732926548685314,46.226707345131466
2021,Fresno State,Mountain West,49,-0.4303593244201406,45.69640675579859
2021,Mississippi State,SEC,33,-0.8545997958864404,41.454002041135595
2021,App State,Sun Belt,41,-0.6424795601532906,43.57520439846709
2021,Nebraska,Big Ten,27,-1.013689972686303,39.86310027313697
2021,Purdue,Big Ten,25,-1.0667200316195904,39.3327996838041
2021,Oregon,Big Ten,60,-0.13869400028705944,48.613059997129405
2021,Wake Forest,ACC,92,0.7097869426455402,57.097869426455404
2021,Texas Tech,Big 12,69,0.09994126491273421,50.99941264912734
2021,UCLA,Big Ten,76,0.2855464711792404,52.85546471179241
2021,Boise State,Mountain West,23,-1.1197500905528779,38.80249909447122
2021,UAB,American Athletic,30,-0.9341448842863717,40.65855115713629
2021,Oregon State,Pac-12,87,0.5772117953123216,55.772117953123214
2021,SMU,ACC,69,0.09994126491273421,50.99941264912734
2021,BYU,Big 12,78,0.33857653011252786,53.385765301125275
2021,Louisiana,Sun Belt,26,-1.0402050021529465,39.59794997847054
2021,Texas,SEC,85,0.5241817363790341,55.24181736379034
2021,Liberty,Conference USA,38,-0.7220246485532218,42.779753514467785
2021,San Diego State,Mountain West,12,-1.411415414685959,35.88584585314041
2021,Marshall,Sun Belt,41,-0.6424795601532906,43.57520439846709
2021,Louisville,ACC,64,-0.03263388242048449,49.673661175795154
2021,Florida State,ACC,37,-0.7485396780198655,42.514603219801344
2021,Air Force,Mountain West,33,-0.8545997958864404,41.454002041135595
2021,Virginia,ACC,100,0.9219071783786902,59.2190717837869
2021,Toledo,Mid-American,21,-1.1727801494861654,38.27219850513835
2021,Washington State,Pac-12,60,-0.13869400028705944,48.613059997129405
2021,UTSA,American Athletic,76,0.2855464711792404,52.85546471179241
2021,North Carolina,ACC,101,0.9484222078453339,59.48422207845334
2021,Maryland,Big Ten,74,0.23251641224595293,52.325164122459526
2021,Tulsa,American Athletic,48,-0.4568743538867843,45.43125646113216
2021,UCF,Big 12,40,-0.6689945896199343,43.31005410380066
2021,Army,American Athletic,41,-0.6424795601532906,43.57520439846709
2021,Illinois,Big Ten,32,-0.8811148253530842,41.188851746469155
2021,LSU,SEC,57,-0.21823908868699068,47.817609113130096
2021,South Carolina,SEC,49,-0.4303593244201406,45.69640675579859
2021,Nevada,Mountain West,68,0.07342623544609048,50.7342623544609
2021,California,ACC,51,-0.37732926548685314,46.226707345131466
2021,Missouri,SEC,97,0.8423620899787589,58.42362089978759
2021,Virginia Tech,ACC,54,-0.2977841770869219,47.02215822913078
2021,Georgia State,Sun Belt,65,-0.006118852953840747,49.938811470461594
2021,West Virginia,Big 12,51,-0.37732926548685314,46.226707345131466
2021,Miami (OH),Mid-American,67,0.046911205979446736,50.46911205979447
2021,Memphis,American Athletic,78,0.33857653011252786,53.385765301125275
2021,Boston College,ACC,63,-0.05914891188712823,49.40851088112872
2021,Wyoming,Mountain West,41,-0.6424795601532906,43.57520439846709
2021,Western Michigan,Mid-American,91,0.6832719131788966,56.83271913178896
2021,East Carolina,American Athletic,83,0.4711516774457466,54.711516774457465
2021,Syracuse,ACC,54,-0.2977841770869219,47.02215822913078
2021,Utah State,Mountain West,78,0.33857653011252786,53.385765301125275
2021,USC,Big Ten,106,1.0809973551785526,60.809973551785525
2021,TCU,Big 12,109,1.160542443578484,61.60542443578484
2021,Washington,Big Ten,45,-0.5364194422867156,44.63580557713284
2021,Central Michigan,Mid-American,93,0.736301972112184,57.36301972112184
2021,San José State,Mountain West,54,-0.2977841770869219,47.02215822913078
2021,Hawai'i,Mountain West,98,0.8688771194454027,58.68877119445403
2021,Colorado State,Mountain West,59,-0.1652090297537032,48.34790970246297
2021,Rutgers,Big Ten,46,-0.5099044128200718,44.90095587179928
2021,Tulane,American Athletic,99,0.8953921489120464,58.95392148912046
2021,Middle Tennessee,Conference USA,69,0.09994126491273421,50.99941264912734
2021,UTEP,Conference USA,83,0.4711516774457466,54.711516774457465
2021,Florida Atlantic,American Athletic,85,0.5241817363790341,55.24181736379034
2021,Kent State,Mid-American,120,1.452207767711565,64.52207767711565
2021,North Texas,American Athletic,87,0.5772117953123216,55.772117953123214
2021,Troy,Sun Belt,65,-0.006118852953840747,49.938811470461594
2021,Georgia Tech,ACC,103,1.0014522667786214,60.01452266778621
2021,Northern Illinois,Mid-American,116,1.34614764984499,63.4614764984499
2021,South Alabama,Sun Belt,81,0.4181216185124591,54.18121618512459
2021,Old Dominion,Sun Belt,81,0.4181216185124591,54.18121618512459
2021,Indiana,Big Ten,72,0.17948635331266544,51.79486353312665
2021,Eastern Michigan,Mid-American,122,1.5052378266448525,65.05237826644853
2021,Navy,American Athletic,75,0.2590314417125967,52.59031441712597
2021,Buffalo,Mid-American,105,1.054482325711909,60.54482325711909
2021,Colorado,Big 12,94,0.7628170015788277,57.62817001578828
2021,Stanford,ACC,107,1.1075123846451964,61.075123846451966
2021,Northwestern,Big Ten,72,0.17948635331266544,51.79486353312665
2021,Ball State,Mid-American,108,1.13402741411184,61.3402741411184
2021,Louisiana Tech,Conference USA,112,1.240087531978415,62.40087531978415
2021,Ohio,Mid-American,114,1.2931175909117025,62.93117590911702
2021,South Florida,American Athletic,117,1.3726626793116339,63.72662679311634
2021,Bowling Green,Mid-American,95,0.7893320310454714,57.89332031045471
2021,Arizona,Big 12,102,0.9749372373119777,59.749372373119776
2021,Duke,ACC,118,1.3991777087782775,63.99177708778278
2021,Charlotte,American Athletic,127,1.6378129739780711,66.37812973978072
2021,UNLV,Mountain West,104,1.027967296245265,60.27967296245265
2021,Southern Miss,Sun Belt,89,0.6302418542456091,56.30241854245609
2021,Georgia Southern,Sun Belt,110,1.1870574730451275,61.870574730451274
2021,Texas State,Sun Belt,120,1.452207767711565,64.52207767711565
2021,Arkansas State,Sun Belt,124,1.55826788557814,65.5826788557814
2021,New Mexico,Mountain West,95,0.7893320310454714,57.89332031045471
2021,Temple,American Athletic,111,1.2135725025117714,62.135725025117715
2021,Vanderbilt,SEC,115,1.3196326203783464,63.196326203783464
2021,Kansas,Big 12,126,1.6112979445114275,66.11297944511428
2021,UL Monroe,Sun Belt,113,1.266602561445059,62.66602561445059
2021,Florida International,Conference USA,125,1.5847829150447836,65.84782915044784
2021,Rice,American Athletic,123,1.5317528561114961,65.31752856111495
2021,Akron,Mid-American,128,1.664328003444715,66.64328003444714
2021,New Mexico State,Conference USA,129,1.6908430329113586,66.90843032911359
2021,UConn,FBS Independents,119,1.4256927382449212,64.2569273824492
2021,Massachusetts,Mid-American,130,1.7173580623780025,67.17358062378003
2022,Georgia,SEC,1,-1.7078878906751687,32.92112109324832
2022,Michigan,Big Ten,4,-1.6287369542323218,33.71263045767678
2022,Ohio State,Big Ten,15,-1.3385168539418835,36.614831460581165
2022,Alabama,SEC,12,-1.4176677903847301,35.8233220961527
2022,Tennessee,SEC,40,-0.6789257169181597,43.210742830818404
2022,TCU,Big 12,31,-0.9163785262467002,40.836214737533
2022,Texas,SEC,14,-1.3649004994228322,36.35099500577168
2022,Penn State,Big Ten,11,-1.444051435865679,35.55948564134321
2022,Kansas State,Big 12,15,-1.3385168539418835,36.614831460581165
2022,Utah,Big 12,21,-1.1802149810561897,38.1978501894381
2022,Oregon,Big Ten,65,-0.019334579894435995,49.80665420105564
2022,USC,Big Ten,63,-0.07210187085633389,49.27898129143666
2022,Clemson,ACC,26,-1.048296753651445,39.51703246348555
2022,LSU,SEC,23,-1.1274476900942918,38.725523099057085
2022,Ole Miss,SEC,44,-0.5733911349943639,44.26608865005636
2022,Minnesota,Big Ten,5,-1.6023533087513728,33.97646691248627
2022,Illinois,Big Ten,3,-1.6551205997132707,33.44879400286729
2022,Washington,Big Ten,57,-0.23040374374202757,47.69596256257972
2022,Oklahoma,SEC,65,-0.019334579894435995,49.80665420105564
2022,Mississippi State,SEC,30,-0.9427621717276492,40.572378282723506
2022,UCLA,Big Ten,83,0.45557103876264504,54.55571038762645
2022,Oregon State,Pac-12,24,-1.1010640446133428,38.98935955386657
2022,Florida State,ACC,34,-0.8372275898038534,41.62772410196146
2022,Cincinnati,Big 12,17,-1.2857495629799855,37.14250437020014
2022,Kentucky,SEC,6,-1.5759696632704239,34.24030336729576
2022,South Carolina,SEC,52,-0.36232197114677234,46.376780288532274
2022,Iowa,Big Ten,2,-1.6815042451942197,33.1849575480578
2022,Tulane,American Athletic,29,-0.969145817208598,40.30854182791402
2022,Arkansas,SEC,63,-0.07210187085633389,49.27898129143666
2022,Baylor,Big 12,61,-0.12486916181823178,48.75130838181768
2022,Oklahoma State,Big 12,68,0.059816356548410846,50.59816356548411
2022,Maryland,Big Ten,45,-0.5470074895134149,44.52992510486585
2022,South Alabama,Sun Belt,22,-1.1538313355752408,38.46168664424759
2022,Florida,SEC,78,0.3236528113579003,53.236528113579006
2022,Notre Dame,FBS Independents,36,-0.7844602988419555,42.15539701158045
2022,UCF,Big 12,32,-0.8899948807657513,41.10005119234249
2022,Washington State,Pac-12,19,-1.2329822720180876,37.67017727981912
2022,Texas A&M,SEC,18,-1.2593659174990366,37.406340825009636
2022,Louisville,ACC,28,-0.995529462689547,40.044705373104534
2022,Pittsburgh,ACC,49,-0.44147290758961916,45.58527092410381
2022,Texas Tech,Big 12,87,0.5611056206864409,55.61105620686441
2022,Wisconsin,Big Ten,20,-1.2065986265371387,37.934013734628614
2022,Wake Forest,ACC,105,1.036011239343522,60.360112393435216
2022,Troy,Sun Belt,8,-1.523202372308526,34.76797627691474
2022,Missouri,SEC,25,-1.0746803991323939,39.25319600867606
2022,North Carolina,ACC,103,0.983243948381624,59.83243948381624
2022,Purdue,Big Ten,39,-0.7053093623991086,42.94690637600891
2022,UTSA,American Athletic,93,0.7194074935721345,57.194074935721346
2022,Memphis,American Athletic,89,0.6138729116483388,56.13872911648339
2022,NC State,ACC,13,-1.3912841449037812,36.08715855096219
2022,James Madison,Sun Belt,43,-0.5997747804753129,44.00225219524687
2022,Boise State,Mountain West,26,-1.048296753651445,39.51703246348555
2022,Iowa State,Big 12,7,-1.549586017789475,34.50413982210525
2022,Auburn,SEC,68,0.059816356548410846,50.59816356548411
2022,Duke,ACC,49,-0.44147290758961916,45.58527092410381
2022,SMU,ACC,115,1.2998476941530113,62.998476941530114
2022,Houston,Big 12,112,1.2206967577101646,62.20696757710165
2022,Air Force,Mountain West,10,-1.470435081346628,35.29564918653372
2022,Fresno State,Mountain West,46,-0.520623844032466,44.79376155967534
2022,Marshall,Sun Belt,9,-1.496818726827577,35.03181273172423
2022,Kansas,Big 12,108,1.1151621757863688,61.15162175786369
2022,Syracuse,ACC,49,-0.44147290758961916,45.58527092410381
2022,West Virginia,Big 12,101,0.9304766574197261,59.30476657419726
2022,Louisiana,Sun Belt,32,-0.8899948807657513,41.10005119234249
2022,App State,Sun Belt,82,0.4291873932816961,54.29187393281696
2022,Western Kentucky,Conference USA,83,0.45557103876264504,54.55571038762645
2022,Michigan State,Big Ten,81,0.4028037478007472,54.02803747800747
2022,East Carolina,American Athletic,74,0.21811822943410453,52.18118229434104
2022,Coastal Carolina,Sun Belt,88,0.5874892661673898,55.8748926616739
2022,UAB,American Athletic,54,-0.3095546801848744,46.90445319815126
2022,Nebraska,Big Ten,58,-0.20402009826107861,47.959799017389216
2022,BYU,Big 12,102,0.956860302900675,59.56860302900675
2022,Army,American Athletic,54,-0.3095546801848744,46.90445319815126
2022,North Texas,American Athletic,98,0.8513257209768793,58.513257209768796
2022,Liberty,Conference USA,56,-0.2567873892229765,47.43212610777024
2022,Miami,ACC,75,0.24450187491505349,52.445018749150535
2022,California,ACC,59,-0.17763645278012968,48.2236354721987
2022,Arizona,Big 12,126,1.5900677944434498,65.9006779444345
2022,Georgia State,Sun Belt,116,1.3262313396339602,63.2623133963396
2022,Southern Miss,Sun Belt,42,-0.6261584259562618,43.73841574043738
2022,Toledo,Mid-American,68,0.059816356548410846,50.59816356548411
2022,Arizona State,Big 12,107,1.0887785303054198,60.8877853030542
2022,San José State,Mountain West,37,-0.7580766533610065,42.41923346638993
2022,San Diego State,Mountain West,35,-0.8108439443229044,41.891560556770955
2022,Ohio,Mid-American,105,1.036011239343522,60.360112393435216
2022,Vanderbilt,SEC,96,0.7985584300149814,57.98558430014981
2022,Tulsa,American Athletic,117,1.3526149851149092,63.52614985114909
2022,Georgia Southern,Sun Belt,124,1.537300503481552,65.37300503481552
2022,Middle Tennessee,Conference USA,95,0.7721747845340324,57.721747845340325
2022,Indiana,Big Ten,110,1.1679294667482667,61.679294667482665
2022,Eastern Michigan,Mid-American,92,0.6930238480911856,56.930238480911854
2022,Florida Atlantic,American Athletic,86,0.5347219752054919,55.34721975205492
2022,Stanford,ACC,100,0.9040930119387771,59.04093011938777
2022,Navy,American Athletic,46,-0.520623844032466,44.79376155967534
2022,Virginia,ACC,46,-0.520623844032466,44.79376155967534
2022,Rutgers,Big Ten,52,-0.36232197114677234,46.376780288532274
2022,Buffalo,Mid-American,103,0.983243948381624,59.83243948381624
2022,Virginia Tech,ACC,41,-0.6525420714372108,43.47457928562789
2022,UTEP,Conference USA,94,0.7457911390530835,57.45791139053083
2022,Wyoming,Mountain West,62,-0.09848551633728284,49.01514483662717
2022,Texas State,Sun Belt,78,0.3236528113579003,53.236528113579006
2022,Georgia Tech,ACC,78,0.3236528113579003,53.236528113579006
2022,UNLV,Mountain West,98,0.8513257209768793,58.513257209768796
2022,Miami (OH),Mid-American,38,-0.7316930078800575,42.683069921199426
2022,Temple,American Athletic,72,0.16535093847220664,51.653509384722064
2022,Arkansas State,Sun Belt,117,1.3526149851149092,63.52614985114909
2022,Old Dominion,Sun Belt,77,0.29726916587695135,52.97269165876951
2022,Kent State,Mid-American,114,1.2734640486720625,62.73464048672062
2022,Utah State,Mountain West,117,1.3526149851149092,63.52614985114909
2022,Northwestern,Big Ten,72,0.16535093847220664,51.653509384722064
2022,Central Michigan,Mid-American,91,0.6666402026102366,56.66640202610237
2022,UConn,FBS Independents,68,0.059816356548410846,50.59816356548411
2022,Boston College,ACC,97,0.8249420754959303,58.2494207549593
2022,Ball State,Mid-American,83,0.45557103876264504,54.55571038762645
2022,Rice,American Athletic,111,1.1943131122292157,61.94313112229216
2022,New Mexico State,Conference USA,60,-0.15125280729918072,48.487471927008194
2022,UL Monroe,Sun Belt,121,1.458149567038705,64.58149567038706
2022,Charlotte,American Athletic,122,1.484533212519654,64.84533212519653
2022,South Florida,American Athletic,131,1.7219860218481946,67.21986021848195
2022,Western Michigan,Mid-American,67,0.0334327110674619,50.33432711067462
2022,Louisiana Tech,Conference USA,130,1.6956023763672456,66.95602376367245
2022,Bowling Green,Mid-American,125,1.5636841489625009,65.63684148962501
2022,Northern Illinois,Mid-American,128,1.6428350854053477,66.42835085405348
2022,Colorado,Big 12,129,1.6692187308862967,66.69218730886297
2022,Colorado State,Mountain West,76,0.27088552039600244,52.70885520396003
2022,Nevada,Mountain West,113,1.2470804031911136,62.470804031911136
2022,Akron,Mid-American,117,1.3526149851149092,63.52614985114909
2022,Hawai'i,Mountain West,123,1.510916858000603,65.10916858000603
2022,Florida International,Conference USA,127,1.6164514399243988,66.16451439924398
2022,New Mexico,Mountain West,90,0.6402565571292876,56.402565571292875
2022,Massachusetts,Mid-American,109,1.1415458212673177,61.41545821267318
2023,Michigan,Big Ten,1,-1.7072483290482212,32.92751670951779
2023,Georgia,SEC,5,-1.6034238993438712,33.96576100656129
2023,Oregon,Big Ten,16,-1.3179067176569088,36.82093282343091
2023,Ohio State,Big Ten,2,-1.6812922216221338,33.18707778377866
2023,Penn State,Big Ten,4,-1.6293800067699589,33.70619993230041
2023,Texas,SEC,12,-1.4217311473612588,35.78268852638741
2023,Alabama,SEC,8,-1.5255555770656088,34.74444422934391
2023,Notre Dame,FBS Independents,10,-1.4736433622134337,35.263566377865665
2023,Florida State,ACC,9,-1.4995994696395212,35.004005303604785
2023,Missouri,SEC,14,-1.3698189325090837,36.30181067490916
2023,LSU,SEC,52,-0.38348685031775887,46.16513149682241
2023,Ole Miss,SEC,22,-1.162170073100384,38.37829926899616
2023,Washington,Big Ten,49,-0.4613551725960214,45.386448274039786
2023,Tennessee,SEC,22,-1.162170073100384,38.37829926899616
2023,Kansas State,Big 12,33,-0.8766528914134213,41.23347108586579
2023,Texas A&M,SEC,20,-1.2140822879525588,37.85917712047441
2023,Oklahoma,SEC,38,-0.7468723542829838,42.531276457170165
2023,Arizona,Big 12,40,-0.6949601394308088,43.05039860569191
2023,Oregon State,Pac-12,35,-0.8247406765612464,41.75259323438753
2023,James Madison,Sun Belt,43,-0.6170918171525464,43.829081828474536
2023,Maryland,Big Ten,11,-1.4476872547873463,35.52312745212654
2023,Kentucky,SEC,34,-0.8506967839873338,41.49303216012666
2023,Clemson,ACC,21,-1.1881261805264713,38.118738194735286
2023,SMU,ACC,39,-0.7209162468568964,42.79083753143104
2023,Kansas,Big 12,61,-0.1498818834829714,48.50118116517029
2023,Troy,Sun Belt,27,-1.0323895359699464,39.67610464030054
2023,UCLA,Big Ten,17,-1.2919506102308214,37.08049389769179
2023,Miami,ACC,40,-0.6949601394308088,43.05039860569191
2023,Duke,ACC,25,-1.0843017508221213,39.15698249177879
2023,USC,Big Ten,105,0.9921868432648785,59.921868432648786
2023,Wisconsin,Big Ten,7,-1.5515116844916963,34.48488315508304
2023,Utah,Big 12,24,-1.1102578582482088,38.89742141751791
2023,Liberty,Conference USA,64,-0.07201356120470892,49.27986438795291
2023,Louisville,ACC,35,-0.8247406765612464,41.75259323438753
2023,TCU,Big 12,54,-0.3315746354655839,46.684253645344164
2023,Auburn,SEC,27,-1.0323895359699464,39.67610464030054
2023,Iowa State,Big 12,27,-1.0323895359699464,39.67610464030054
2023,West Virginia,Big 12,48,-0.4873112800221089,45.12688719977891
2023,NC State,ACC,26,-1.0583456433960339,39.416543566039664
2023,North Carolina,ACC,78,0.29137194276051603,52.91371942760516
2023,Florida,SEC,58,-0.2277502057612339,47.72249794238766
2023,Oklahoma State,Big 12,69,0.057766975925728575,50.57766975925728
2023,Texas Tech,Big 12,49,-0.4613551725960214,45.386448274039786
2023,Boise State,Mountain West,82,0.39519637246486605,53.951963724648664
2023,Air Force,Mountain West,30,-0.9545212136916839,40.45478786308316
2023,Virginia Tech,ACC,42,-0.6430479245786339,43.56952075421366
2023,Iowa,Big Ten,3,-1.6553361141960463,33.446638858039535
2023,UTSA,American Athletic,74,0.18754751305616607,51.87547513056166
2023,South Alabama,Sun Belt,58,-0.2277502057612339,47.72249794238766
2023,Washington State,Pac-12,75,0.21350362048225355,52.13503620482253
2023,South Carolina,SEC,55,-0.3056185280394964,46.94381471960504
2023,App State,Sun Belt,95,0.7326257690040036,57.32625769004004
2023,Toledo,Mid-American,32,-0.9026089988395088,40.973910011604914
2023,Memphis,American Athletic,110,1.121967380395316,61.21967380395316
2023,Rutgers,Big Ten,19,-1.2400383953786462,37.59961604621354
2023,Arkansas,SEC,66,-0.020101346352533918,49.79898653647466
2023,UCF,Big 12,53,-0.35753074289167136,46.424692571083284
2023,Tulane,American Athletic,47,-0.5132673874481963,44.867326125518034
2023,Miami (OH),Mid-American,12,-1.4217311473612588,35.78268852638741
2023,Fresno State,Mountain West,79,0.31732805018660354,53.17328050186604
2023,UNLV,Mountain West,104,0.9662307358387909,59.662307358387906
2023,Mississippi State,SEC,51,-0.40944295774384637,45.90557042256154
2023,Louisiana,Sun Belt,107,1.0440990581170535,60.44099058117054
2023,Minnesota,Big Ten,31,-0.9285651062655963,40.714348937344035
2023,Georgia Tech,ACC,86,0.499020802169216,54.99020802169216
2023,Nebraska,Big Ten,6,-1.5774677919177837,34.22532208082217
2023,California,ACC,84,0.44710858731704106,54.47108587317041
2023,Coastal Carolina,Sun Belt,71,0.10967919077790357,51.096791907779036
2023,Northwestern,Big Ten,18,-1.2659945028047337,37.34005497195266
2023,Jacksonville State,Conference USA,57,-0.2537063131873214,47.46293686812679
2023,Ohio,Mid-American,15,-1.3438628250829963,36.561371749170036
2023,Texas State,Sun Belt,110,1.121967380395316,61.21967380395316
2023,New Mexico State,Conference USA,56,-0.2796624206134089,47.20337579386591
2023,Western Kentucky,Conference USA,91,0.6288013392996535,56.28801339299653
2023,Illinois,Big Ten,45,-0.5651796023003713,44.34820397699629
2023,BYU,Big 12,94,0.706669661577916,57.06669661577916
2023,San José State,Mountain West,87,0.5249769095953035,55.249769095953035
2023,Wyoming,Mountain West,61,-0.1498818834829714,48.50118116517029
2023,Army,American Athletic,37,-0.7728284617090714,42.271715382909285
2023,Syracuse,ACC,61,-0.1498818834829714,48.50118116517029
2023,Colorado,Big 12,113,1.1998357026735784,61.99835702673578
2023,Georgia Southern,Sun Belt,126,1.537265099212716,65.37265099212716
2023,Boston College,ACC,77,0.26541583533442853,52.654158353344286
2023,Arkansas State,Sun Belt,105,0.9921868432648785,59.921868432648786
2023,South Florida,American Athletic,116,1.277704024951841,62.77704024951841
2023,North Texas,American Athletic,133,1.7189578511953285,67.18957851195329
2023,Cincinnati,Big 12,83,0.42115247989095356,54.21152479890954
2023,Georgia State,Sun Belt,109,1.0960112729692284,60.960112729692284
2023,Michigan State,Big Ten,44,-0.5911357097264589,44.08864290273541
2023,Pittsburgh,ACC,58,-0.2277502057612339,47.72249794238766
2023,Purdue,Big Ten,69,0.057766975925728575,50.57766975925728
2023,Indiana,Big Ten,71,0.10967919077790357,51.096791907779036
2023,Northern Illinois,Mid-American,46,-0.5392234948742839,44.60776505125716
2023,Houston,Big 12,102,0.914318520986616,59.14318520986616
2023,Bowling Green,Mid-American,75,0.21350362048225355,52.13503620482253
2023,Wake Forest,ACC,68,0.03181086849964108,50.31810868499641
2023,Baylor,Big 12,103,0.9402746284127035,59.40274628412703
2023,Colorado State,Mountain West,100,0.862406306134441,58.62406306134441
2023,Marshall,Sun Belt,98,0.810494091282266,58.104940912822656
2023,Florida Atlantic,American Athletic,79,0.31732805018660354,53.17328050186604
2023,Middle Tennessee,Conference USA,90,0.602845231873566,56.02845231873566
2023,Old Dominion,Sun Belt,97,0.7845379838561785,57.84537983856178
2023,Rice,American Athletic,113,1.1998357026735784,61.99835702673578
2023,San Diego State,Mountain West,93,0.6807135541518285,56.807135541518285
2023,Virginia,ACC,99,0.8364501987083535,58.364501987083536
2023,Utah State,Mountain West,131,1.6670456363431534,66.67045636343153
2023,Arizona State,Big 12,89,0.5768891244474785,55.76889124447479
2023,Stanford,ACC,116,1.277704024951841,62.77704024951841
2023,Eastern Michigan,Mid-American,67,0.005854761073553579,50.05854761073554
2023,Vanderbilt,SEC,124,1.485352884360541,64.8535288436054
2023,East Carolina,American Athletic,81,0.36924026503877855,53.692402650387784
2023,Louisiana Tech,Conference USA,122,1.433440669508366,64.33440669508366
2023,Tulsa,American Athletic,118,1.3296162398040159,63.29616239804016
2023,Navy,American Athletic,71,0.10967919077790357,51.096791907779036
2023,Sam Houston,Conference USA,85,0.4730646947431285,54.73064694743128
2023,Southern Miss,Sun Belt,125,1.5113089917866285,65.11308991786629
2023,UAB,American Athletic,132,1.6930017437692408,66.93001743769241
2023,Ball State,Mid-American,64,-0.07201356120470892,49.27986438795291
2023,Buffalo,Mid-American,87,0.5249769095953035,55.249769095953035
2023,UConn,FBS Independents,96,0.758581876430091,57.58581876430091
2023,Western Michigan,Mid-American,108,1.070055165543141,60.70055165543141
2023,UTEP,Conference USA,100,0.862406306134441,58.62406306134441
2023,Hawai'i,Mountain West,121,1.4074845620822785,64.074845620822785
2023,New Mexico,Mountain West,128,1.5891773140648908,65.89177314064891
2023,Massachusetts,Mid-American,123,1.4593967769344534,64.59396776934453
2023,Central Michigan,Mid-American,112,1.173879595247491,61.73879595247491
2023,Temple,American Athletic,130,1.641089528917066,66.41089528917067
2023,Florida International,Conference USA,120,1.381528454656191,63.81528454656191
2023,Charlotte,American Athletic,113,1.1998357026735784,61.99835702673578
2023,Akron,Mid-American,91,0.6288013392996535,56.28801339299653
2023,UL Monroe,Sun Belt,129,1.6151334214909785,66.15133421490978
2023,Nevada,Mountain West,127,1.5632212066388034,65.63221206638804
2023,Kent State,Mid-American,119,1.3555723472301036,63.55572347230104
2024,Ohio State,Big Ten,1,-1.7052983351105298,32.9470166488947
2024,Ole Miss,SEC,3,-1.6537857163312666,33.462142836687335
2024,Oregon,Big Ten,14,-1.3704663130453196,36.2953368695468
2024,Alabama,SEC,8,-1.525004169383109,34.74995830616891
2024,Penn State,Big Ten,4,-1.628029406941635,33.71970593058365
2024,Georgia,SEC,9,-1.4992478599934773,35.00752140006523
2024,Texas,SEC,2,-1.6795420257208982,33.20457974279102
2024,Notre Dame,FBS Independents,7,-1.5507604787727405,34.4923952122726
2024,Tennessee,SEC,6,-1.576516788162372,34.234832118376275
2024,Miami,ACC,51,-0.41748286562895287,45.82517134371047
2024,Indiana,Big Ten,15,-1.3447100036556883,36.55289996344312
2024,SMU,ACC,30,-0.9583653628112151,40.41634637188785
2024,Texas A&M,SEC,19,-1.241684766097162,37.58315233902838
2024,South Carolina,SEC,13,-1.3962226224349512,36.037773775650486
2024,LSU,SEC,33,-0.8810964346423206,41.189035653576795
2024,Iowa,Big Ten,5,-1.6022730975520036,33.977269024479966
2024,BYU,Big 12,21,-1.190172147317899,38.09827852682101
2024,Kansas State,Big 12,25,-1.087146909759373,39.12853090240627
2024,Missouri,SEC,20,-1.2159284567075306,37.840715432924696
2024,Florida,SEC,23,-1.1386595285386358,38.613404714613644
2024,Louisville,ACC,40,-0.7008022689148998,42.991977310851
2024,Clemson,ACC,26,-1.0613906003697413,39.38609399630259
2024,USC,Big Ten,48,-0.4947517937978475,45.052482062021525
2024,Arkansas,SEC,33,-0.8810964346423206,41.189035653576795
2024,TCU,Big 12,38,-0.7523148876941629,42.476851123058374
2024,Michigan,Big Ten,10,-1.473491550603846,35.26508449396154
2024,Minnesota,Big Ten,11,-1.4477352412142144,35.522647587857854
2024,Iowa State,Big 12,24,-1.1129032191490043,38.87096780850996
2024,Boise State,Mountain West,50,-0.4432391750185844,45.56760824981416
2024,Virginia Tech,ACC,36,-0.8038275064734259,41.96172493526574
2024,Illinois,Big Ten,26,-1.0613906003697413,39.38609399630259
2024,Memphis,American Athletic,80,0.3294501066703617,53.29450106670362
2024,Auburn,SEC,17,-1.293197384876425,37.06802615123575
2024,Oklahoma,SEC,17,-1.293197384876425,37.06802615123575
2024,Arizona State,Big 12,26,-1.0613906003697413,39.38609399630259
2024,UNLV,Mountain West,55,-0.3144576280704267,46.855423719295736
2024,Army,American Athletic,33,-0.8810964346423206,41.189035653576795
2024,Baylor,Big 12,63,-0.10840715295337444,48.915928470466255
2024,Colorado,Big 12,45,-0.5720207219667421,44.27979278033258
2024,Utah,Big 12,16,-1.3189536942660567,36.81046305733943
2024,James Madison,Sun Belt,40,-0.7008022689148998,42.991977310851
2024,Rutgers,Big Ten,38,-0.7523148876941629,42.476851123058374
2024,Tulane,American Athletic,73,0.14915594094294093,51.49155940942941
2024,Duke,ACC,31,-0.9326090534215836,40.67390946578416
2024,Kentucky,SEC,26,-1.0613906003697413,39.38609399630259
2024,Syracuse,ACC,83,0.4067190348392563,54.067190348392565
2024,Nebraska,Big Ten,12,-1.4219789318245828,35.78021068175417
2024,Texas State,Sun Belt,82,0.38096272544962473,53.80962725449625
2024,North Carolina,ACC,64,-0.0826508435637429,49.17349156436257
2024,Vanderbilt,SEC,59,-0.21143239051190058,47.88567609488099
2024,Pittsburgh,ACC,64,-0.0826508435637429,49.17349156436257
2024,Kansas,Big 12,68,0.020374393994783243,50.203743939947834
2024,Louisiana,Sun Belt,78,0.2779374878910986,52.779374878910986
2024,Texas Tech,Big 12,95,0.7157947475148347,57.15794747514835
2024,California,ACC,40,-0.7008022689148998,42.991977310851
2024,NC State,ACC,68,0.020374393994783243,50.203743939947834
2024,Navy,American Athletic,53,-0.3659702468496898,46.340297531503104
2024,Marshall,Sun Belt,71,0.09764332216367785,50.97643322163678
2024,Washington,Big Ten,36,-0.8038275064734259,41.96172493526574
2024,Wisconsin,Big Ten,22,-1.1644158379282674,38.35584162071733
2024,South Alabama,Sun Belt,71,0.09764332216367785,50.97643322163678
2024,UCF,Big 12,61,-0.15991977173263752,48.400802282673624
2024,Ohio,Mid-American,47,-0.520508103187479,44.79491896812521
2024,UTSA,American Athletic,101,0.8703326038526239,58.70332603852624
2024,West Virginia,Big 12,87,0.5097442723977824,55.09744272397782
2024,Georgia Tech,ACC,79,0.30369379728073015,53.0369379728073
2024,UConn,FBS Independents,60,-0.18567608112226905,48.14323918877731
2024,Miami (OH),Mid-American,43,-0.6235333407460052,43.764666592539946
2024,Washington State,Pac-12,97,0.7673073662940978,57.67307366294098
2024,Boston College,ACC,56,-0.2887013186807952,47.11298681319205
2024,Liberty,Conference USA,70,0.07188701277404631,50.718870127740466
2024,Cincinnati,Big 12,57,-0.26294500929116366,47.37054990708836
2024,East Carolina,American Athletic,87,0.5097442723977824,55.09744272397782
2024,Jacksonville State,Conference USA,81,0.3552064160599932,53.55206416059993
2024,UCLA,Big Ten,44,-0.5977770313563736,44.02222968643626
2024,Georgia Southern,Sun Belt,90,0.587013200566677,55.87013200566677
2024,Bowling Green,Mid-American,75,0.200668559722204,52.00668559722204
2024,Western Kentucky,Conference USA,62,-0.13416346234300597,48.65836537656994
2024,South Florida,American Athletic,108,1.0506267695800446,60.506267695800446
2024,Toledo,Mid-American,64,-0.0826508435637429,49.17349156436257
2024,Oklahoma State,Big 12,102,0.8960889132422555,58.96088913242255
2024,Arizona,Big 12,84,0.43247534422888784,54.32475344228888
2024,Florida State,ACC,58,-0.23718869990153213,47.628113000984676
2024,Northern Illinois,Mid-American,32,-0.906852744031952,40.93147255968048
2024,Fresno State,Mountain West,77,0.2521811785014671,52.52181178501467
2024,Maryland,Big Ten,73,0.14915594094294093,51.49155940942941
2024,Buffalo,Mid-American,93,0.6642821287355717,56.642821287355716
2024,Mississippi State,SEC,98,0.7930636756837294,57.930636756837295
2024,North Texas,American Athletic,121,1.3854587916452548,63.854587916452545
2024,Michigan State,Big Ten,49,-0.4689954844082159,45.31004515591784
2024,Virginia,ACC,86,0.4839879630081509,54.83987963008151
2024,San José State,Mountain West,90,0.587013200566677,55.87013200566677
2024,Wake Forest,ACC,103,0.9218452226318871,59.218452226318874
2024,Colorado State,Mountain West,85,0.45823165361851936,54.582316536185196
2024,Old Dominion,Sun Belt,99,0.8188199850733608,58.18819985073361
2024,Troy,Sun Belt,90,0.587013200566677,55.87013200566677
2024,Oregon State,Pac-12,107,1.024870460190413,60.24870460190413
2024,Coastal Carolina,Sun Belt,108,1.0506267695800446,60.506267695800446
2024,Sam Houston,Conference USA,46,-0.5462644125771106,44.53735587422889
2024,App State,Sun Belt,110,1.1021393883593078,61.02139388359308
2024,Houston,Big 12,54,-0.3402139374600583,46.59786062539942
2024,Stanford,ACC,112,1.1536520071385707,61.53652007138571
2024,Northwestern,Big Ten,51,-0.41748286562895287,45.82517134371047
2024,Arkansas State,Sun Belt,119,1.3339461728659916,63.33946172865991
2024,Western Michigan,Mid-American,120,1.3597024822556232,63.597024822556236
2024,Utah State,Mountain West,129,1.591509266762307,65.91509266762307
2024,Hawai'i,Mountain West,89,0.5612568911770455,55.61256891177045
2024,UAB,American Athletic,126,1.5142403385934124,65.14240338593413
2024,Rice,American Athletic,94,0.6900384381252032,56.90038438125203
2024,Louisiana Tech,Conference USA,64,-0.0826508435637429,49.17349156436257
2024,Air Force,Mountain West,76,0.22642486911183554,52.264248691118354
2024,Florida International,Conference USA,99,0.8188199850733608,58.18819985073361
2024,Florida Atlantic,American Athletic,104,0.9476015320215185,59.47601532021518
2024,Eastern Michigan,Mid-American,115,1.2309209353074655,62.30920935307466
2024,Wyoming,Mountain West,95,0.7157947475148347,57.15794747514835
2024,New Mexico,Mountain West,132,1.6687781949312015,66.68778194931201
2024,Nevada,Mountain West,113,1.1794083165282023,61.794083165282025
2024,Charlotte,American Athletic,124,1.4627277198141493,64.62727719814148
2024,San Diego State,Mountain West,104,0.9476015320215185,59.47601532021518
2024,Central Michigan,Mid-American,115,1.2309209353074655,62.30920935307466
2024,Purdue,Big Ten,110,1.1021393883593078,61.02139388359308
2024,UL Monroe,Sun Belt,106,0.9991141508007816,59.991141508007814
2024,Georgia State,Sun Belt,123,1.4369714104245177,64.36971410424518
2024,Akron,Mid-American,117,1.2824335540867284,62.82433554086728
2024,New Mexico State,Conference USA,127,1.5399966479830438,65.39996647983044
2024,Ball State,Mid-American,133,1.694534504320833,66.94534504320833
2024,Temple,American Athletic,125,1.4884840292037809,64.88484029203781
2024,Tulsa,American Athletic,129,1.591509266762307,65.91509266762307
2024,Massachusetts,Mid-American,129,1.591509266762307,65.91509266762307
2024,UTEP,Conference USA,113,1.1794083165282023,61.794083165282025
2024,Middle Tennessee,Conference USA,122,1.4112151010348861,64.11215101034887
2024,Kennesaw State,Conference USA,118,1.30818986347636,63.081898634763604
2024,Southern Miss,Sun Belt,128,1.5657529573726754,65.65752957372675
2024,Kent State,Mid-American,134,1.7202908137104647,67.20290813710464
2025,Indiana,Big Ten,2,-1.6831877327912834,33.168122672087165
2025,Ohio State,Big Ten,1,-1.7085774323986054,32.91422567601394
2025,Texas Tech,Big 12,3,-1.6577980331839615,33.42201966816039
2025,Oregon,Big Ten,5,-1.6070186339693175,33.92981366030682
2025,Notre Dame,FBS Independents,13,-1.403901037110742,35.96098962889258
2025,Georgia,SEC,8,-1.530849535147352,34.69150464852648
2025,Ole Miss,SEC,20,-1.2261731398594886,37.73826860140511
2025,Utah,Big 12,17,-1.3023422386814545,36.976577613185455
2025,Miami,ACC,7,-1.5562392347546736,34.437607652453266
2025,Texas A&M,SEC,14,-1.3785113375034201,36.2148866249658
2025,Vanderbilt,SEC,39,-0.743768847320372,42.56231152679628
2025,Iowa,Big Ten,6,-1.5816289343619956,34.18371065638004
2025,Washington,Big Ten,9,-1.50545983554003,34.9454016445997
2025,Oklahoma,SEC,4,-1.6324083335766395,33.675916664233604
2025,Penn State,Big Ten,22,-1.1753937406448447,38.24606259355156
2025,USC,Big Ten,36,-0.8199379461423377,41.800620538576624
2025,Texas,SEC,18,-1.2769525390741325,37.23047460925868
2025,BYU,Big 12,22,-1.1753937406448447,38.24606259355156
2025,Tennessee,SEC,63,-0.13441605674464557,48.65583943255354
2025,Alabama,SEC,11,-1.454680436325386,35.45319563674614
2025,Missouri,SEC,10,-1.480070135932708,35.19929864067292
2025,North Texas,American Athletic,78,0.24642943736518338,52.46429437365183
2025,SMU,ACC,25,-1.099224641822879,39.00775358177121
2025,Illinois,Big Ten,41,-0.692989448105728,43.07010551894272
2025,Michigan,Big Ten,15,-1.3531216378960982,36.468783621039016
2025,Louisville,ACC,29,-0.9976658433935912,40.02334156606409
2025,James Madison,Sun Belt,39,-0.743768847320372,42.56231152679628
2025,Arizona,Big 12,25,-1.099224641822879,39.00775358177121
2025,Auburn,SEC,16,-1.3277319382887764,36.72268061711223
2025,South Florida,American Athletic,62,-0.1598057563519675,48.401942436480326
2025,Virginia,ACC,19,-1.2515628394668106,37.484371605331894
2025,LSU,SEC,11,-1.454680436325386,35.45319563674614
2025,Iowa State,Big 12,25,-1.099224641822879,39.00775358177121
2025,Clemson,ACC,24,-1.1246143414302008,38.75385658569799
2025,Georgia Tech,ACC,57,-0.28675425438857716,47.13245745611423
2025,Pittsburgh,ACC,47,-0.5406512504617965,44.593487495382035
2025,TCU,Big 12,50,-0.4644821516398307,45.35517848360169
2025,East Carolina,American Athletic,51,-0.43909245203250874,45.609075479674914
2025,Memphis,American Athletic,75,0.1702603385432176,51.70260338543218
2025,Houston,Big 12,46,-0.5660409500691184,44.33959049930881
2025,Florida State,ACC,38,-0.7691585469276938,42.30841453072306
2025,Kansas State,Big 12,58,-0.26136455478125525,47.38635445218745
2025,San Diego State,Mountain West,28,-1.0230555430009132,39.76944456999087
2025,Duke,ACC,86,0.44954703422375886,54.49547034223759
2025,Tulane,American Athletic,71,0.06870154011392987,50.6870154011393
2025,Nebraska,Big Ten,44,-0.6168203492837623,43.83179650716238
2025,Navy,American Athletic,72,0.0940912397212518,50.940912397212514
2025,Toledo,Mid-American,21,-1.2007834402521667,37.99216559747833
2025,Old Dominion,Sun Belt,48,-0.5152615508544746,44.84738449145525
2025,South Carolina,SEC,31,-0.9468864441789474,40.53113555821052
2025,Northwestern,Big Ten,30,-0.9722761437862693,40.277238562137306
2025,Wake Forest,ACC,34,-0.8707173453569815,41.292826546430184
2025,UConn,FBS Independents,76,0.19565003815053952,51.95650038150539
2025,Arkansas,SEC,99,0.779613129118944,57.79613129118944
2025,NC State,ACC,64,-0.10902635713732366,48.909736428626765
2025,Cincinnati,Big 12,67,-0.03285725831535786,49.67142741684642
2025,UNLV,Mountain West,89,0.5257161330457246,55.257161330457244
2025,Kansas,Big 12,76,0.19565003815053952,51.95650038150539
2025,Mississippi State,SEC,84,0.398767635009115,53.98767635009115
2025,Arizona State,Big 12,44,-0.6168203492837623,43.83179650716238
2025,Washington State,Pac-12,32,-0.9214967445716254,40.785032554283745
2025,UTSA,American Athletic,91,0.5764955322603685,55.76495532260368
2025,Florida,SEC,43,-0.6422100488910842,43.57789951108916
2025,Boise State,Mountain West,60,-0.21058515556661137,47.89414844433389
2025,Texas State,Sun Belt,117,1.2366277220507387,62.366277220507385
2025,Fresno State,Mountain West,37,-0.7945482465350158,42.05451753464984
2025,Kentucky,SEC,48,-0.5152615508544746,44.84738449145525
2025,Hawai'i,Mountain West,69,0.017922140899286006,50.17922140899286
2025,Western Kentucky,Conference USA,78,0.24642943736518338,52.46429437365183
2025,Minnesota,Big Ten,33,-0.8961070449643035,41.03892955035697
2025,Baylor,Big 12,110,1.0588998247994852,60.58899824799485
2025,Rutgers,Big Ten,95,0.6780543306896563,56.78054330689656
2025,New Mexico,Mountain West,66,-0.05824695792267979,49.417530420773204
2025,Army,American Athletic,53,-0.3883130528178649,46.11686947182135
2025,Maryland,Big Ten,55,-0.337533653603221,46.62466346396779
2025,UCF,Big 12,51,-0.43909245203250874,45.609075479674914
2025,Louisiana Tech,Conference USA,68,-0.007467558708035926,49.92532441291964
2025,Western Michigan,Mid-American,42,-0.6675997484984061,43.32400251501594
2025,Utah State,Mountain West,98,0.754223429511622,57.54223429511622
2025,California,ACC,72,0.0940912397212518,50.940912397212514
2025,Air Force,Mountain West,101,0.8303925283335878,58.30392528333588
2025,Michigan State,Big Ten,81,0.3225985361871492,53.225985361871494
2025,Miami (OH),Mid-American,54,-0.362923353210543,46.37076646789457
2025,Ohio,Mid-American,61,-0.18519545595928943,48.1480454404071
2025,Wisconsin,Big Ten,34,-0.8707173453569815,41.292826546430184
2025,Marshall,Sun Belt,118,1.2620174216580606,62.62017421658061
2025,Troy,Sun Belt,84,0.398767635009115,53.98767635009115
2025,Temple,American Athletic,109,1.0335101251921632,60.33510125192163
2025,Kennesaw State,Conference USA,93,0.6272749314750123,56.27274931475012
2025,Purdue,Big Ten,90,0.5511058326530466,55.51105832653047
2025,North Carolina,ACC,58,-0.26136455478125525,47.38635445218745
2025,Jacksonville State,Conference USA,102,0.8557822279409097,58.557822279409095
2025,West Virginia,Big 12,91,0.5764955322603685,55.76495532260368
2025,Southern Miss,Sun Belt,103,0.8811719275482317,58.81171927548232
2025,Buffalo,Mid-American,70,0.04331184050660793,50.43311840506608
2025,Colorado,Big 12,88,0.5003264334384027,55.00326433438403
2025,Boston College,ACC,107,0.9827307259775194,59.827307259775196
2025,Florida Atlantic,American Athletic,131,1.5920835165532456,65.92083516553245
2025,UCLA,Big Ten,94,0.6526646310823343,56.526646310823345
2025,Central Michigan,Mid-American,65,-0.08363665753000171,49.16363342469998
2025,Arkansas State,Sun Belt,111,1.0842895244068071,60.842895244068075
2025,Liberty,Conference USA,103,0.8811719275482317,58.81171927548232
2025,Georgia Southern,Sun Belt,130,1.5666938169459237,65.66693816945923
2025,Tulsa,American Athletic,107,0.9827307259775194,59.827307259775196
2025,Louisiana,Sun Belt,113,1.135068923621451,61.35068923621451
2025,Virginia Tech,ACC,96,0.7034440302969781,57.034440302969784
2025,Florida International,Conference USA,124,1.4143556193019922,64.14355619301992
2025,Missouri State,Conference USA,118,1.2620174216580606,62.62017421658061
2025,Delaware,Conference USA,126,1.465135018516636,64.65135018516636
2025,Wyoming,Mountain West,55,-0.337533653603221,46.62466346396779
2025,App State,Sun Belt,122,1.3635762200873482,63.635762200873486
2025,Stanford,ACC,78,0.24642943736518338,52.46429437365183
2025,Bowling Green,Mid-American,83,0.37337793540179304,53.73377935401793
2025,South Alabama,Sun Belt,125,1.4397453189093141,64.39745318909314
2025,Syracuse,ACC,106,0.9573410263701975,59.57341026370197
2025,Nevada,Mountain West,81,0.3225985361871492,53.225985361871494
2025,Akron,Mid-American,87,0.47493673383108076,54.749367338310805
2025,San José State,Mountain West,115,1.1858483228360948,61.858483228360946
2025,Eastern Michigan,Mid-American,114,1.1604586232287728,61.60458623228773
2025,Rice,American Athletic,112,1.109679224014129,61.09679224014129
2025,Coastal Carolina,Sun Belt,128,1.51591441773128,65.1591441773128
2025,Oklahoma State,Big 12,100,0.8050028287262658,58.05002828726266
2025,New Mexico State,Conference USA,120,1.3127968208727046,63.12796820872705
2025,Colorado State,Mountain West,105,0.9319513267628755,59.31951326762876
2025,UAB,American Athletic,132,1.6174732161605676,66.17473216160568
2025,Oregon State,Pac-12,96,0.7034440302969781,57.034440302969784
2025,Middle Tennessee,Conference USA,128,1.51591441773128,65.1591441773128
2025,Northern Illinois,Mid-American,74,0.14487063893589566,51.448706389358954
2025,UTEP,Conference USA,127,1.490524718123958,64.90524718123959
2025,Kent State,Mid-American,120,1.3127968208727046,63.12796820872705
2025,UL Monroe,Sun Belt,123,1.3889659196946702,63.8896591969467
2025,Ball State,Mid-American,115,1.1858483228360948,61.858483228360946
2025,Georgia State,Sun Belt,134,1.6682526153752115,66.68252615375212
2025,Charlotte,American Athletic,132,1.6174732161605676,66.17473216160568
2025,Sam Houston,Conference USA,135,1.6936423149825335,66.93642314982533
2025,Massachusetts,Mid-American,136,1.7190320145898554,67.19032014589855
